,SRR14291145,SRR14291146,SRR14291147,SRR14291148,SRR14291149,SRR14291150,SRR14291151,SRR14291152,SRR14291153,SRR14291154,SRR14291155,SRR14291156,SRR14291157,SRR14291158,SRR14291159,SRR14291160,SRR14291161,SRR14291162,SRR14291163,SRR14291164,SRR14291165
Lacrimispora sphenoides,0.0118583267920432,0.0140905073641092,0.017432307230426,0.0086635746637531,0.0104263982373966,0.0071623127529191,0.010391837043556,0.0115912289713712,0.0077246268829655,0.0086117005963524,0.0108691739311688,0.0189822325852652,0.0116487000276409,0.0137685901578347,0.0204615945798358,0.0323834912231019,0.0178279932922175,0.0189960218524359,0.0149525378817942,0.0117941089695831,0.0140590577772985
Alistipes dispar,0.0264907596870026,0.0284787015035166,0.0174861106478039,0.0398576468014108,0.0324270550686006,0.0397789232796932,0.0422929627308814,0.0635706463898641,0.0538617165384963,0.0427165220916546,0.0305172960375125,0.0145688072155001,0.0571717069153227,0.0828164306815001,0.083098248029924,0.0527060095895779,0.0611551596826788,0.0319159875060259,0.0417966774485661,0.0492449411437672,0.0652220469988123
Clostridium sp. SY8519,0.0100024107372753,0.0162073910995623,0.0298877983534002,0.0117075333293961,0.0127221189502179,0.0091635471985877,0.0133979544925647,0.013402358498148,0.0074788433003257,0.0088293247991484,0.0112407696211233,0.0120243323849722,0.0122974169783328,0.0157765095558523,0.018605373974492,0.0378617353044998,0.0203136269723824,0.019897414805012,0.0174175395978146,0.0144069577259216,0.0149576393662603
Agathobaculum sp. NTUH-O15-33,0.0235408299578453,0.00568912503903,0.0075324784329001,0.0064261349608018,0.0065045420196602,0.0072325315053987,0.0128537435750718,0.021892028154914,0.0110602612187916,0.0101972483595798,0.0081983299096209,0.0065525856255186,0.0175717678383058,0.0212265764933285,0.0298722013697181,0.025844941835627,0.0243420677643739,0.0206652680609101,0.0176884189072674,0.0160399881986331,0.0319183668579147
Bacteroides luhongzhouii,0.0895528336321683,0.0267918097768275,0.0340037597828063,0.0353567506547763,0.0422795231277919,0.0403055639232902,0.0307608742411497,0.0136513888080798,0.0087077612135248,0.0106324967651716,0.0102885556656149,0.0403062827136711,0.0173179220749916,0.0204889734491588,0.0070795390529389,0.012281869795392,0.0211707420345083,0.021833740406842,0.0222121033751291,0.027797807602156,0.1195113513319225
Enterocloster clostridioformis,0.4225432457744698,0.0406507829823716,0.0528887592824345,0.0382185921352953,0.0316299298210932,0.0186781881595735,0.0269773126242938,0.0371734335370929,0.0212076119877782,0.022104401169699,0.0269871369829449,0.3228555762841435,0.0355666119488021,0.0456494328447259,0.0714429093452073,0.0648995206094635,0.0431557433780361,0.0512124736759872,0.0374355205663761,0.0304832354906149,0.0789815775797903
Faecalibacterium sp. I3-3-89,0.0310426380108018,0.5466521483723811,0.8963380318064281,0.5373237463378185,0.4535323808218043,0.0838762998368818,0.1485695804755781,0.1156858985228654,0.1659390302222515,0.0725310378746944,0.1178190584461958,0.0237334201006756,0.1061357341501525,0.1288756429952092,0.1503107011117898,0.1660703185643113,0.2472776954233055,0.2119608835520491,0.167918083929787,0.1550653157754735,0.1025319033904981
Phocaeicola salanitronis,0.0920925082334297,0.0351270394851738,0.0328738880178713,0.0314282228042456,0.0323632850488,0.0239094852193036,0.0204986112255681,0.0155304356921106,0.0152385821236684,0.0149538916492619,0.0130290738790293,0.0695790020029295,0.017007666142052,0.0138915239985297,0.0131230480005698,0.0332228995904129,0.0503126541467869,0.0276093322881626,0.0403881050394115,0.0595148883388197,0.076903607655316
Jahgtovirus secundus,0.0,0.0,0.0,0.0,0.0,0.1022033942340573,0.0055457683973092,0.0967822340871329,0.0029494029916777,0.1694981648061869,0.4298665390854797,0.0,0.0053589661144111,0.0,0.0,0.0,0.0,0.0,0.0037110465395032,0.0152053281792472,0.0
Homo sapiens,0.2446878798522925,0.1073987732658753,0.155518777930699,0.0809120636764932,0.1009479413443357,0.1350306610182702,0.1834249940007225,0.1571154864478837,0.116852537575043,0.1172372669633402,0.129779794716606,0.3374694184523963,0.1558895037597378,0.1829665329009886,0.2558562680900569,0.294985772028174,0.3242037722490999,0.4998390846655031,0.3029243317610595,0.2689056845064964,0.1218514075531773
Fusobacterium varium,1.3464573297548668,0.0004961446254968,0.0005649358824675,0.0004162678517118,0.0003507351089032,0.0005968593960765,0.0013475698909349,0.0007470909297954,0.0003511194037711,0.0005285159210757,0.0004180451511988,0.6370869591161441,0.0003948711873776,0.0006966250972714,0.000604350894763,0.0008394083673109,0.0034713160016096,0.0061094411230154,0.0027358810254732,0.0021047948314948,0.0009360224885018
Sutterella wadsworthensis,0.0028522499368011,1.2472083595738714,0.697615109721309,0.535944859079023,0.7314421271127804,0.0011235000396735,0.0006737849454674,0.0007244518107107,0.000632014926788,0.0004663375774198,0.0002786967674658,0.002364335019517,0.000451281357003,0.0005736912565764,0.0006475188158175,0.2561962695808569,0.4569280396192866,0.4189807983270147,0.3071229610575778,0.3354607486610057,0.0084616432960571
Blautia hydrogenotrophica,0.0216849139030774,0.0159758569409971,0.0286234180450205,0.0136587888842954,0.0139656343363294,0.0224348914172321,0.0301907485180618,0.0484477148412782,0.0206458209417443,0.0301254075013197,0.0415954925442808,0.0284170551869569,0.0535614560592983,0.1921455930062118,0.0932858773987874,0.1055445573424154,0.0717833864530393,0.0564539067705961,0.0473767912232936,0.0461603280286455,0.2518462107563211
[Ruminococcus] lactaris,0.0572989661961496,0.0967812782802436,0.142632859468702,0.066602856273898,0.0785965494042286,0.1946814912496901,0.219031936888119,0.2440497037331681,0.1692746645580776,0.1684722221358634,0.2237470548138479,0.1000001125873819,0.0698639950810332,0.1084276474929487,0.1298491065319539,0.2358295718266277,0.1008824428122116,0.128365033431663,0.2838544283755828,0.3762502209127334,0.0612907525471043
Streptococcus suis,0.0049230615347527,0.0052260567218996,0.0066178203374765,0.0035382767395508,0.0060581518810561,0.0090933284461081,0.0150305872450436,0.0215298022495587,0.0110602612187916,0.0117827961228072,0.0113336685436119,0.0091646128851755,0.0235512458185961,0.0280698936253476,0.0523195203180612,0.023724331223473,0.0201850597130635,0.0248383835820955,0.0216974326871688,0.0152053281792472,0.0127299058436258
Eubacterium callanderi,0.020766723854929,0.0348293527098757,0.0308024564488238,0.0280200297683547,0.0312473097022896,0.0249978758827374,0.0339224805237278,0.0469308938626027,0.0357439553039043,0.0197416241107719,0.0190675038407898,0.0168205548531353,0.0429563441697269,0.0698673994616317,0.0774432503717837,0.0449746167327663,0.0371987936962615,0.0857658701914024,0.0439095360622979,0.0345113773233033,0.0777085869954277
Prevotella melaninogenica,0.0590767384170325,0.0230872632397847,0.0238349138983911,0.0202670410302213,0.0249021927321308,0.0031949532378217,0.0029024582266291,0.0025129422184027,0.0020013806014956,0.0019586178251632,0.0014631580291958,0.1690837301100316,0.0026230728875801,0.0029094342297805,0.0046189675528321,0.010382156122004,0.0136281294878008,0.0085465405873877,0.011837425823087,0.0123021628944267,0.0023587766710247
Bacteroides humanifaecis,0.2757695897800368,0.1656792286075668,0.1636699956634445,0.1540451218741211,0.1711906181546869,0.0453964234780612,0.0250855318158659,0.0336417309598782,0.0280193284209387,0.021917866138731,0.0175811210809718,0.1422654157457957,0.0201666356410733,0.0165550905469203,0.0178715193165654,0.1070908359137777,0.1239816937365031,0.0818932189877423,0.1870963390390448,0.1784357963182783,0.1308185029930255
Bifidobacterium catenulatum,0.1104367732379249,0.0075744746159179,0.0071558545112551,0.0052553816278622,0.0051972566137481,0.0026332032179849,0.002928373032224,0.0026714160519957,0.0019311567207413,0.0010259426703235,0.0018115289885281,0.228372245408968,0.002820508481269,0.0036470372739502,0.0062161806318488,0.0066269081629812,0.0048855558541173,0.0062095958955238,0.0037110465395032,0.0030846131151217,0.010371129172601
Phocaeicola vulgatus,13.008623562788374,14.226020999486655,18.409834619055665,19.58904476674561,13.28788656588878,9.65788721604414,3.3760512988759714,5.637140652092659,3.233002134103736,1.8848121312435608,2.360654519358394,9.667473167612211,2.1134634151844893,2.2644003676541398,2.3711707356029588,9.62359603428144,12.624919163335704,11.129131551290596,7.152811957479532,16.69127704071653,0.6643887623386484
Clostridium sp. C1,0.0529424474570628,0.0091621374175076,0.011756046697062,0.0184979026604458,0.0080031374849741,0.0023172188318267,0.0041722837007793,0.0036222590535535,0.0031249626935633,0.002424955402583,0.0037624063607892,0.0400811079499076,0.0047102491637192,0.0070482068665106,0.0093242709477732,0.0089242363261481,0.0064712187190501,0.0085465405873877,0.006013520669852,0.0054434349090383,0.0657274991426034
Xylanibacter ruminicola,0.035360084832946,0.0112459448445942,0.0153070722440006,0.0115254161442721,0.0151453797026403,0.0007724062772755,0.00132165508534,0.0011998733114896,0.0006671268671652,0.0006217834365597,0.0007199666492868,0.117383604349926,0.0015230745798852,0.0020488973449158,0.0027627469474883,0.0041528624488016,0.0031284699767593,0.0029378733269145,0.0026546172326373,0.0029031652848204,0.0034071218581469
Christensenella minuta,0.0051184211194651,0.0022161126605524,0.0025287606167593,0.0017431216290434,0.0023594907326218,0.0074080783865977,0.0127500843526922,0.0168435045990238,0.0075139552407028,0.0080520955034487,0.0097311621306832,0.0059220962869807,0.0179948441104962,0.027086422899788,0.0347933443699318,0.0182460871420751,0.0149566578340959,0.0142553626203693,0.0135168775416944,0.0104151054592934,0.0160059845533824
Coprococcus catus,0.0566347436081274,0.1557894124059971,0.2051255287530843,0.160497273575655,0.1300908403932059,0.0982360347189599,0.2302789625163069,0.2272061991341442,0.121101082360674,0.1011330759564428,0.1419031041013713,0.0819636140099234,0.1184049460436727,0.1996035793417056,0.2587485188007088,0.2649437883559922,0.2342066907258864,0.2881118955826404,0.2513759991721928,0.1934596766672243,0.0650161220513419
Parabacteroides merdae,0.0908422068912702,1.6713789380652742,0.5235610545039379,0.8554564520086094,1.0321177704725677,0.0144299536345577,0.0171815161094206,0.0185640776494617,0.0167835075002615,0.021948955310559,0.020739684445585,0.0948886454499498,0.031392259396524,0.0186039878918362,0.0208932737903808,2.490436267036124,2.8541931568790555,1.0937235007164403,2.411936459298623,1.614087319228063,0.0321430122551552
Odoribacter splanchnicus,0.9978186148771012,0.5240279534497266,0.2706311894106266,0.8678924540785014,0.5006584254544412,0.0104977034957001,0.0157043721905111,0.0214392457732198,0.0289673508111209,0.0325192737320747,0.044312786027073,0.1834723975145209,0.0406153221302736,0.0433956457653184,0.0454126529493402,0.7802521671094177,1.293815186278959,0.8321860047727089,1.3267397697688397,1.5075774428412116,0.7519068650135761
Roseburia rectibacter,0.1270814098554221,0.1217208147885497,0.2435142670521861,0.0625962782011713,0.1204934524132169,0.1097870195018541,0.1316990420332963,0.1606924672632678,0.109303470393963,0.1559432858891845,0.2912381220018324,0.4360734475044444,0.1001280510850496,0.0916266892646384,0.1180642640840738,0.5131877681412715,0.1264244716635617,0.1738686850746687,0.1452996615904787,0.1221506793588214,0.0800299227669124
Dorea formicigenerans,0.0828715358350039,0.4580737945670179,0.4043595833032931,0.335954173072205,0.3265025013790266,0.1007639098082255,0.1207111644610575,0.1610773322877078,0.0812139180922699,0.0773187703362045,0.1069498845150269,0.1036029088075982,0.1114947002645637,0.217961699552152,0.2579714962217277,0.2389663083571055,0.1673517158800707,0.1781085704441931,0.1500129615749573,0.1244369220206175,0.0777085869954277
Bacteroides stercoris,4.816551489167507,21.10734849727716,3.669931099343706,8.835285152584282,26.980648987491517,0.0383394388538614,0.0278584160145205,0.0279140338314467,0.02447302244285,0.0239075731357222,0.0183243124608808,1.211079949425748,0.0243127831085388,0.0154896639275641,0.0151519402901315,1.099845858116129,6.248583081662924,4.681000372575754,13.067326239726563,6.328827741776512,0.0622642159351463
Coprobacter fastidiosus,0.0155115510261652,0.0059868118143281,0.0040352563033393,0.0039285278505307,0.0079712524750738,0.0040024688913371,0.0057530868420684,0.0048900497222972,0.0029142910513006,0.0014922802477433,0.0010683376086191,0.0098176197000897,0.0059512728954775,0.0010244486724579,0.0013382055526896,0.2994478901912481,0.2539631929078871,0.415275071744202,0.2843149232016526,0.5974714156160534,0.0018346040774637
Ruthenibacterium lactatiformans,0.0258851449743942,0.0376077626126579,0.0547718788906596,0.0479748699097921,0.0526740363552882,0.0600370333700577,0.1042034332971044,0.1624356794327904,0.0693811941851817,0.0703547958467353,0.0554374319950856,0.0191848898726524,0.2237791429038827,0.5532022831272894,0.4037495656227944,0.1995582944812434,0.1492237323161092,0.1103371743801421,0.1144465082438054,0.0925383934536526,0.217288260480831
Ruminococcus albus,0.0067399056725781,0.0057552776557629,0.0069675425504326,0.0032781093322309,0.005611761742452,0.0123936098126493,0.0185290860003555,0.0238616315152837,0.0141150000316007,0.022104401169699,0.0144225577163586,0.0050213972319266,0.0433230102722918,0.042699020668047,0.0918613360039887,0.0205875946929952,0.0183851180825993,0.0281434910748743,0.0183927051118447,0.0131005333477523,0.0095099884831793
Coprococcus sp. ART55/1,0.0274870935690359,0.0278833279529205,0.051570575556677,0.0202930577709532,0.0301313343557793,1.444891269772723,1.8687943758652303,0.8561435664264581,0.441462426361483,0.9011196454342132,0.1314984247826455,0.0336636271826471,0.4759043960445189,1.2432299309480617,3.3038136699855607,2.637509448866556,1.0042817182928496,1.699559719620053,1.0664789292465953,1.6128171844159538,0.0234941644613976
Wansuia hejianensis,0.0217435217784911,0.0211357610461639,0.0283544009581312,0.0172230823645783,0.0151134946927401,0.0172387037337417,0.0311755111306681,0.0331436703400146,0.021137388107024,0.024373910713142,0.0320269035279527,0.0227201336637397,0.0296153390533245,0.0494194039593711,0.0533987183444239,0.0595538146913252,0.0400272734012768,0.0400619090033798,0.0355935412620971,0.0250398005815765,0.0336593686865283
Kineothrix sp. MB12-C1,0.0100024107372753,0.0147851098398048,0.0244805549069254,0.0105367799964565,0.0119249937027105,0.0077591721489957,0.0111174516002133,0.0100970471117804,0.0073735074791944,0.0073992228950609,0.0092202180569958,0.0140734227352203,0.0100692152781303,0.0111869795032407,0.0173103363428568,0.0417053420390289,0.0143566772906078,0.019763875108334,0.0141128120224905,0.0106691324217152,0.0121495719007546
Eubacterium sp. MSJ-33,0.0154724791092228,0.0182911985266489,0.0309100632835795,0.0091318759969289,0.0149221846333383,0.0150619224068741,0.0184513415835708,0.0195828380082736,0.0153790298851769,0.0133372547142065,0.0197874704900766,0.0225174763763525,0.0180794593649343,0.0238081871479226,0.0371244121068751,0.0675061044869028,0.0247277695423305,0.0323833764443987,0.0209931464825915,0.020140709163442,0.0145083485717794
Bacteroides zoogleoformans,0.1199898569303617,0.0138589732055441,0.0169211747653363,0.0144132743655232,0.0158468499204469,0.0031949532378217,0.0029802026434138,0.0030110028382663,0.0027738432897921,0.0037928789630144,0.0027637429440365,0.056969215232172,0.0036666610256497,0.0029504121766788,0.0025037394211613,0.0162138353054275,0.0233563854429292,0.0116513385351496,0.0215078171705518,0.0271445954130714,0.0538961748879393
Blautia massiliensis (ex Durand et al. 2017),0.5095759407638482,0.5134766110808279,0.6472820127643227,0.7534968450799351,0.348981433358735,0.2034237259334003,0.2741527283884774,0.5365471223076145,0.0,0.4055271573242668,0.5172612004166517,1.649157452327688,0.6415810642342602,0.6216764323943783,0.7278111489789707,0.3373096254957479,0.5458965830679491,0.4229869892273526,0.5297857534277745,0.0,0.8531096164704014
Adlercreutzia equolifaciens,0.0007423664219071,0.0051929804135332,0.0112718159406612,0.0208394093263251,0.0031885009900295,0.0094093128322663,0.018399511972381,0.0380110809432272,0.0208213806436299,0.0109744776552795,0.0087557234445526,0.0,0.0135384407100912,0.0347083210228751,0.0466645226599209,0.0365805330596567,0.0360416883623916,0.0224680539660622,0.019205343040203,0.0232979014106843,0.0333598414902077
Prevotella denticola,0.0346567903279813,0.0292725329043115,0.0368284391951439,0.0296590844344702,0.0372735765734455,0.0014745938020715,0.0013734846965298,0.0017432121695226,0.0016151492573473,0.0012124777012915,0.0013934838373293,0.113488080936817,0.0016923050887614,0.0028684562828822,0.0032375940790879,0.0028274808162053,0.0026999124456964,0.0023035597676943,0.003006760334926,0.0029394548508807,0.0017410018286135
Lachnoclostridium phocaeense,0.0181489054197828,0.0410476986827691,0.063353523962428,0.0347323488772085,0.0398562623753694,0.0167471724663845,0.0247745541487271,0.029295020095614,0.018117761234592,0.0199903374853958,0.0245485402676185,0.0244314618683425,0.0296717492229499,0.0391339392878934,0.0503337959495539,0.0630881657115819,0.034627448509884,0.0362560276480588,0.0294445809375187,0.026092197997324,0.038938535521679
uncultured Alistipes sp.,0.0273503418597372,0.0169350698836243,0.0131011321315084,0.030205435989842,0.0187165008114735,0.023312625823227,0.0227272845067298,0.0454593511220966,0.0345150373907053,0.0261770826791653,0.0190907285714119,0.0175861490499313,0.0398255797555183,0.0673677447008343,0.0739034808453142,0.0417053420390289,0.0494126833315548,0.020798807757588,0.0301488671420959,0.0386483878541725,0.0543454656824202
Monoglobus pectinilyticus,0.0077753114715538,0.0053583619553655,0.0067254271722322,0.0034342097766228,0.0045595564157422,0.0298780791800696,0.0420856442861222,0.0950843001557797,0.0958204852891503,0.1294864006635672,0.0434302462634311,0.0092772002670572,0.0589486272585221,0.1330553935788377,0.0860336666616304,0.0513806279569816,0.0572124303968999,0.0626301177419505,0.031611615413141,0.0317896598687841,0.0431319162701675
Bacteroides xylanisolvens,4.205290884560849,0.708990669834936,0.6660863071378842,0.7456658061196058,0.6525904976293495,0.5223572996957421,0.3826580194143357,0.1801394705570332,0.0931870897608666,0.0949463307626733,0.0868604925268623,1.962893450679409,0.1373869681226131,0.1590354119123711,0.1113732363206254,0.174287684686408,0.3150326410843534,0.2823029187771503,0.3751407556611744,0.4335151561558172,15.660873061871836
Caproicibacterium sp. ZCY20-5,0.00519656495335,0.0112128685362278,0.0135315594705313,0.0094180601449808,0.0101713181581942,0.0110594535155369,0.0171556013038256,0.0163680830982449,0.0120433955493508,0.0105703184215156,0.0099634094369047,0.0050213972319266,0.0156538220710429,0.0275781582625678,0.029526858001282,0.0246962777540436,0.0221992801090593,0.0237366810845025,0.0182572654571183,0.0133545603101741,0.0139841759782183
Parabacteroides goldsteinii,0.1525562997019203,0.0060198881226945,0.0058645724941865,0.005775716442502,0.007014702178065,2.1887536241653622,2.245051438297625,2.1831581706957883,1.8660942952225992,2.538959395676242,3.1701989546548743,0.051092153897944,4.226447343927163,3.8801198359079097,4.619010720753193,0.2091452216236897,0.200693491796766,0.1077331502949224,0.1979315114171565,0.1229853393782073,0.0071512118121545
Hungatella hathewayi,0.1001413231235809,0.0495483099329477,0.0566280967901957,0.0432398230965697,0.0400475724347712,0.0388660794974584,0.0523738221072987,0.0659930321319281,0.0376751120246457,0.0443953373703659,0.0501421934132341,0.0784734051715888,0.0699768154202839,0.0881845417251797,0.1183232716104008,0.1252043848925932,0.0810830848771047,0.0862666440539447,0.0634670222047896,0.0580270161303492,0.1820376535638494
Catenibacterium mitsuokai,0.0090646847306557,0.0076406272326508,0.0131549355488863,0.0062440177756779,0.0078118274255724,0.0064250158518833,0.0082409081791791,0.0145569535714681,0.0064254850890122,0.0068396178021572,0.0103582298574814,0.0115739828574452,0.0135102356252785,0.0234393856258377,0.0360883820015669,0.0197923657134374,0.0104568037579352,0.0125193465635562,0.0102663258282608,0.0078385462690152,0.0121121310012145
Prevotella dentalis,0.0449913123592678,0.0386331281720179,0.0477505329228491,0.0388169771721311,0.0513986359592764,0.0016501406832705,0.0018140363916432,0.0018564077649461,0.001509813436216,0.0017409936223672,0.0008360903023976,0.1617880677640934,0.0017769203431994,0.0016391178759327,0.0017698847632347,0.0018997136733879,0.0054426806444991,0.0032383376444398,0.0026275293016921,0.0041007209648089,0.0010670656368921
Chordicoccus furentiruminis,0.0048644536593389,0.0069791010653217,0.0133432475097088,0.0054895322944501,0.0074292073067688,0.0076889533965161,0.0084223118183434,0.0124062372584207,0.0068117164331605,0.0069639744894691,0.0078267342196664,0.0081062914954869,0.0120435712150186,0.0177844289538698,0.0220588076588525,0.0286724226518324,0.0194565119102566,0.0174937002648092,0.013869020643983,0.0130642437816921,0.0093040635357088
Paraprevotella xylaniphila,0.0221733128648584,0.3546111019967505,0.3717816140809999,0.1071109215936086,0.4465495636536395,0.0039673595150973,0.0043796021455385,0.0054786668184996,0.0068819403139147,0.0057514967881776,0.0072228912234904,0.0326053057929585,0.0080102440868039,0.0075809201761887,0.0088925917372282,0.0111773851015617,0.0150852250934148,0.0090806993740994,0.0168216051170185,0.0172738334446818,0.0082931592481268
Longicatena caecimuris,0.9279384914254724,0.1644223288896415,0.1278100179811021,0.0887691193775546,0.1057944628491807,0.0213113913775585,0.0327303994663623,0.0330304747445911,0.0191711194459054,0.0154513183985097,0.0341403540145688,0.5495840459176379,0.0765486001816407,0.0758092017618878,0.0779612654244377,0.0854429359147055,0.0650978889684577,0.0369571110556179,0.0319095826535391,0.0318985285669649,0.0152010052132708
Thomasclavelia ramosa,0.0620266681461899,0.0984350936985663,0.0692988015826813,0.1502206609865183,0.0666396706916177,0.0121478441789707,0.0172592605262053,0.0167076698845155,0.0113762686821856,0.0144875540718421,0.0186959081508353,0.0519478180002454,0.0102666508718191,0.0187269217325312,0.0201594191324542,0.0265959914274316,0.0162423304272847,0.0196971052599951,0.0165778137385109,0.0146246951222831,0.2112041143055686
Bacteroides ovatus,1.8653323867510252,1.4654789184840995,1.754583244109333,1.7216057844580672,2.701744428891645,6.894533540338216,7.7716947090778,4.412952926706079,3.849813590708538,4.9219755054633,4.575480955140272,0.92344170619422,10.084361408674756,15.336119560536106,4.709965530415039,1.2682135048436072,2.3062394976620046,2.672463179767133,2.0730393552422326,2.106899626326338,3.4048941246242803
Bacteroides eggerthii,3.7970870323042702,0.8483411569828057,0.1702340125835432,0.381249318686602,1.0620577947689451,0.0197314694467675,0.0178293862492931,0.0121119287103195,0.0194871269092995,0.0187467706122763,0.0133309953771173,1.074556490155922,0.0156256169862302,0.0078267878575786,0.0063025164739578,0.0774906461191279,0.2803194810682567,0.2246805396606222,0.5725034205284801,0.3074814932285484,0.0302335263786113
Faecalibacterium sp. I3-3-33,0.0381537268943335,0.1056457289224532,0.1713907860571672,0.1186363377378808,0.0987159906513151,0.1593614587524515,0.150202213228057,0.1065849726508122,0.1958544034235546,0.0873294836648164,0.3078205796660516,0.0268633493169886,0.1554382224027347,0.1703043473094085,0.1864422510344113,0.280362394681862,0.2162929859274563,0.2166347729357767,0.2231232871962664,0.1548838679451722,0.0856460576979238
Bacteroides nordii,0.7543810363669681,0.0097244346597374,0.0077745938111005,0.0098603447374247,0.0104263982373966,0.0300536260612686,0.0239711951752851,0.0166171134081767,0.02447302244285,0.0275760954114247,0.025361405839394,0.1861294597269305,0.0273307271834966,0.016391178759327,0.0202889228956178,0.0322951324475955,0.0654835907464143,0.0393942105199902,0.0578327325681715,0.0701477311944747,0.0150699620648805
Alistipes communis,0.0597214250465834,0.0563620294564371,0.034891516169541,0.0879105669333989,0.053726241681998,0.2157120076173302,0.144863763275507,0.3232639814105665,0.47376541150843,0.4006772465191008,0.207048473496518,0.0192524423017814,0.503827430009082,0.3846599875345085,0.3885976253326628,0.2760769940698008,0.47179898594717,0.1577103817766388,0.2936602593777739,0.2781958134179219,0.2299432845253766
Clostridium sp. M62/1,0.0626127469003271,0.0796477505464206,0.092918501811561,0.0608531565721279,0.0646309150678991,0.0618276115582875,0.0790401570644537,0.1090073583928761,0.0726114926998764,0.0608725984391992,0.0727863057698359,0.0563837608463869,0.1126793138266966,0.14006262249845,0.1630884057439235,0.2762095322330604,0.1202103874631494,0.1329387680428822,0.1047761168963407,0.0990705153444986,0.1199980830259435
Bacteroides caccae,4.810358590332123,4.71988997496785,2.174545818452205,9.255455515405943,3.238305375493819,0.1498468177914657,0.1640148046101402,0.1355630450792403,0.1397806346412999,0.1236727255317336,0.0806362647201245,2.322497548409759,0.1637305173376656,0.0380275347216388,0.0267209431327392,0.2401149724386889,0.6958917189399715,0.4834137019741173,0.54777213957544,0.6278457824084877,2.877763699999551
Blautia parvula,0.023521293999374,0.020341929645369,0.0341920717436288,0.0168068145128664,0.0178874905540658,0.0179408912585377,0.037343234862255,0.0398448495890886,0.0225769776624857,0.0275139170677688,0.0451953257907149,0.025039433730504,0.0389794272111376,0.0667530754973595,0.0741193204505867,0.0685664097929798,0.0362988228810294,0.0355215593163301,0.0285506792163244,0.0255478545064201,0.1445593131242334
Phascolarctobacterium faecium,0.0024029228919626,0.0016868917266891,0.0020714315690475,0.0009626194070836,0.001402940435613,0.2079879448445743,0.304162073267375,0.6559458363603723,0.2972927991730436,0.3067568584267511,0.2963243380080845,0.0019590204447426,0.2938969837482301,0.3509761151840914,0.1915792336398975,0.2398057167244165,0.2837907970698664,0.2099911730260496,0.1918909028163592,0.2697403445258822,0.382851918247047
Segatella copri,0.5012145505381571,0.3176317892430553,0.3928994554018093,0.2942493376788228,0.3804519381303268,0.0067761096142813,0.0072043159553829,0.006384231581888,0.0056881343410928,0.0052540700389298,0.0055739353493173,1.9043029771481392,0.007728193238677,0.0065154935568325,0.0069932032108299,0.0131654575504561,0.016885166723879,0.0121187274735224,0.0140857240915452,0.0188342847852728,0.0121495719007546
Allocoprobacillus halotolerans,0.0481366016731376,0.0008599840175277,0.0010760683475571,0.0016130379253834,0.0008290102574076,0.0020012344456685,0.0026173953650851,0.0040976805543324,0.0018960447803642,0.002238420371615,0.0019044279110167,0.0387300593673264,0.0031871745838339,0.0061057140878493,0.0070795390529389,0.0068478051017473,0.0047998443479047,0.0066102149855576,0.0049300034320408,0.0043184583611704,0.0687227711058094
Faecalibacterium sp. I4-3-84,0.0345786464940964,0.118677794418836,0.2049910202096396,0.1384610941756582,0.1079945285323011,0.1827443033281582,0.3552401550949285,0.3099748185078421,0.2017532094069101,0.1041487256237576,0.1603203154847407,0.0231479657148904,0.1869150970536968,0.3612615798555691,0.3219031873034511,0.2831015167225609,0.9144989155351676,0.6590517880297687,0.5840157911802238,0.4841753903759345,0.1218888484527173
Qiania dongpingensis,0.013948674348466,0.0249726128166725,0.0408905972071722,0.0174312162904342,0.0234992522965178,0.0146406098919965,0.0180107898884574,0.021348689296881,0.0140798880912236,0.0128087387931307,0.0167682555091964,0.0215041899394167,0.0203922763195748,0.0274552244218728,0.0377719309226927,0.0398498077533941,0.0373702167086867,0.0370906507522958,0.0256251826742343,0.0250398005815765,0.0270697703674749
Parabacteroides faecis,0.0341097834907866,0.0045314542462041,0.0031205982079157,0.0083253570342372,0.0040812812672378,0.0634075334890785,0.06268791473407,0.0541301337315403,0.0466286568208104,0.0673702353512485,0.084584468925891,0.0219545394669437,0.1063895799134668,0.089127034503841,0.1128409456364786,0.0120609728566259,0.0161994746741784,0.0122522671702003,0.0140044602987094,0.0177093082374048,0.0026957447668854
Faecalibacterium sp. IP-1-18,0.026275864143819,0.1302545023470948,0.1888768967049711,0.1283665987716456,0.1104815593045241,0.1630830526338703,0.1587022694631851,0.1566853431852742,0.1710302615769334,0.0897855282392274,0.2358006900067467,0.0247241890612351,0.1440433681384079,0.1948091595546024,0.2119544923776243,0.3248068587615899,0.2919333901600619,0.2896476020944366,0.3273847334046468,0.2322169332195776,0.0876304253735478
Blautia sp. KLE_1732_HM_1032,0.6392556330959454,1.182874939801119,1.7501713638843484,0.8788975354081336,1.025039298274702,0.8403078109233696,0.7771591049855422,1.7234255794425932,0.0,0.0,0.7329957231658559,0.0,0.8487474121834685,2.1710116266728736,2.006833481902928,3.088404280275803,1.380598086319201,1.5254573400761977,1.0636076085663957,0.0,1.1674821294586497
Claveliimonas bilis,0.0327031944808572,0.0290079224373799,0.0469434816621812,0.0232589662144003,0.0277718436231574,0.023663719585625,0.036799023944762,0.0436029433571504,0.02629884334246,0.0285087705662643,0.0366718496523838,0.0463184489061572,0.0447332645129263,0.0613439865067816,0.080033325635054,0.0988292904039277,0.0517697497524008,0.0540501922303933,0.0439907998551337,0.0333501112093751,0.0562175106594241
Bacteroides finegoldii,0.0403612902015837,0.099361230332827,0.0254221147110379,0.0510188285754351,0.1250530088289592,0.1348200047608314,0.060018689757795,0.0930920576763253,0.0881660822869389,0.0375868087400367,0.0186726834202131,0.0199730015458247,0.0086871661223085,0.0072530966010022,0.0038851128949055,0.2089243246849236,0.6224798138688931,0.6370845079262487,0.6801779460359657,0.9953865074667596,0.0302709672781514
Faecalibacterium sp. I4-1-79,0.0574747898223907,0.1056788052308197,0.1697228801184536,0.1174916011456731,0.0972811652058018,0.1914865380118683,0.1839173753070256,0.1349744279830378,0.2374269408300603,0.1064804135108566,0.3686693738960995,0.0869624937654737,0.1882689411247059,0.2000133588106888,0.2050907929299578,0.3483544724340501,0.2676770339019006,0.262872892910511,0.2666806801562757,0.1952741549702371,0.0669256079278858
Anaerocolumna sp. MB42-C2,0.0068571214234055,0.0086659927920108,0.0154146790787563,0.0045269128873665,0.0076842873859712,0.0061792502182047,0.0087073746798873,0.0085802261331048,0.0052667910565674,0.0049431783206499,0.0068048460722916,0.0114388779991871,0.0087717813767466,0.0088922144769349,0.0167491533691483,0.0275237585702489,0.0117853321042303,0.0163586128430467,0.0111873154804003,0.0100522097986908,0.0079561911522661
Butyricimonas paravirosa,0.0417288072945706,0.0020838074270865,0.0015333973952689,0.0020553225178273,0.0034116960593316,0.0005266406435969,0.001062507029391,0.0006565344534565,0.0004564552249025,0.0005285159210757,0.0007431913799089,0.0223373365653417,0.0008743576291933,0.0011473825131528,0.0013813734737441,0.1388999950960879,0.1275815769974316,0.0865337234473005,0.1597917046462031,0.2306564818789866,0.0014040337327528
Parabacteroides johnsonii,0.329552083451363,0.0381700598548876,0.0134239526357756,0.0343420977662286,0.0221919668906057,0.0398491420321728,0.0261480388452569,0.0196960336036972,0.0162217164542277,0.0161352801787254,0.0139348383732934,0.1448774430054526,0.0205050966588256,0.0336838723504171,0.0217998001325255,0.023724331223473,0.0302133059399359,0.0184952479898937,0.0259231499146323,0.0560673795630954,0.1097954379012728
Bacteroides sp. DH3716P,2.652182186097196,0.1685899437438147,0.1864019395055896,0.2134673577059894,0.2541235289053557,0.0657598616971451,0.0428112588427795,0.029136546262021,0.0203298134783503,0.0180317196602326,0.0199732683350539,1.405923672510327,0.0306025170217686,0.0462231241013024,0.0353113594225858,0.0330903614271532,0.0489412700473856,0.0378918889323634,0.0469162963972239,0.0581358848285299,0.4803105797498648
Alistipes finegoldii,0.0742171062322442,0.1430550336849124,0.1548462352134758,0.4734526478407796,0.1278907747100855,0.1770214750010708,0.1860164745602127,0.2413556485620876,0.1306164182028725,0.0847179932312655,0.0465888096280443,0.0326953756984639,0.1768458817755664,0.1748528994151217,0.1905000356135348,0.1495914069323644,0.1564234988379662,0.105429590527228,0.1814891373333719,0.1586216932493786,0.1322038162760083
Bacteroides sp. D2,0.0731817004332684,0.0411800039162349,0.0808127329015429,0.0644955002746067,0.1145309555618617,0.1222859574432228,0.0867886839373297,0.0308797584315437,0.0104984701727577,0.012218044528399,0.0109156233924131,0.0359829272494114,0.018107664449747,0.0212265764933285,0.0097127822372638,0.0163021940809339,0.031113276755168,0.0443685642212432,0.0396838188348343,0.0404265765911251,0.0553563699700023
Blautia argi,0.0341097834907866,0.0369793127536952,0.0528349558650567,0.0284362976200666,0.0313110797220902,0.0211007351201197,0.0326267402439827,0.0353170257721467,0.0202947015379732,0.0235345030737864,0.0353248152762988,0.0531412442481921,0.0400794255188325,0.0667120975504612,0.0840479422931231,0.0876519053023659,0.0387844565611943,0.0415976155151761,0.0357018929858782,0.0258018814688419,0.0540084975865596
Paraprevotella clara,0.3546362541284364,1.576516085670285,1.6537287382345376,0.4364568425198878,1.959429513402864,0.0053015158122097,0.005053387091006,0.0036901764108076,0.0058636940429784,0.004756643289682,0.0033675859402125,0.2355778378494008,0.0045692237396557,0.0024176988670007,0.0032375940790879,0.0073779577547858,0.0119996108697617,0.0081125365731844,0.0124062723729379,0.0141166411974395,0.0479805127606073
Bacteroides sp. CACC 737,0.1376308274298923,0.1359436273861249,0.1155428388189504,0.1079694740377643,0.1428129593434239,0.0124989379413687,0.0135534433261342,0.0089650911575449,0.0141501119719778,0.017067955333565,0.0136329168752053,0.0645350872946265,0.0126358779960851,0.0099986190431895,0.0067341956845029,0.0997128781589919,0.0909399080915518,0.0560866726047318,0.1282071771640074,0.1336544717999225,0.817390998309169
Faecalibacterium sp. HTF-F,0.0325078348961448,0.2641143223061331,0.4545850734255237,0.4038838831234346,0.3137484974189084,0.1474242708309195,0.1330725267298262,0.1391853041327938,0.1143595898082677,0.0615876493912429,0.1354001795271677,0.0262553774548271,0.081343464599798,0.1856300994493793,0.3283352075405724,0.1149547669338488,0.3808590778556181,0.2880117408101319,0.2483421509063215,0.2133826484343048,0.079374707024961
Wujia chipingensis,0.0608545106379154,0.040750011907471,0.0786605962064286,0.0274476614722509,0.044128853702009,0.0450453297156632,0.0631284664291833,0.05220580860934,0.0318816418624215,0.0401050316581036,0.0591998383558748,0.0667192825031327,0.0285999560000676,0.0435185796060134,0.0628524930553607,0.1022311032609247,0.0521125957772512,0.0656013759930345,0.0551781153355341,0.0453619575753199,0.0309261830201027
Roseburia hominis,0.1870958742790743,0.4419987087009213,1.201806933969218,0.6102746873503224,0.5937307693534039,0.2073910854484977,0.2790506266459141,0.3500686984068625,0.3082828365110809,0.2158832091735441,0.2440222446469899,0.3117319429542253,0.377891726320421,0.6575731138773047,0.7617411349278125,1.4079970876947594,0.502612272430594,0.711365964203349,0.5382913637445922,0.4302490952103942,0.2078905946962719
[Clostridium] innocuum,0.0976211844807908,0.034994734251708,0.0523776268173449,0.0339518466552487,0.0352648209497269,0.0252085321401762,0.0509225929939841,0.0508927397024268,0.0237707836353077,0.0284776813944364,0.0276142047097431,0.0818059916752889,0.0564665797950054,0.0916676672115367,0.1079198026362649,0.0866799587717953,0.0497983851095114,0.0568545258606299,0.060406086007973,0.0395919165717392,0.2508353064687391
Solibaculum mannosilyticum,0.0138900664730522,0.0065821853649242,0.0081781194414344,0.005931816886894,0.0068552771285635,0.0106381410006593,0.015471138940157,0.0282309814986327,0.0097611194248383,0.0090158598301163,0.0090808696732628,0.0045710477043995,0.0285153407456296,0.0290943422978055,0.0355703669489129,0.0261983769376527,0.0231421066773977,0.0216000459376556,0.0209931464825915,0.0177093082374048,0.0606916981544631
Emergencia timonensis,0.0106080254498838,0.0060198881226945,0.008339529693568,0.0042927622207785,0.0050059465543464,0.0064250158518833,0.0116098329065164,0.0165039178127532,0.0082513059886223,0.0089225923146323,0.0103350051268592,0.0053141244248192,0.0154845915621668,0.0232344958913461,0.0279296449222653,0.0136956102034946,0.0098996789675534,0.0107499455825736,0.0095349516927383,0.0073667819102319,0.0110450653643224
Parabacteroides sp. CT06,0.0432721480137986,0.8826743650671846,0.3476776830957195,1.1063618996279343,0.6151574960064025,0.0374265950716266,0.0392350156706829,0.091326206387718,0.0522816792215261,0.0402293883454156,0.0410380990093491,0.010538178944133,0.0659152832072566,0.1301869372959554,0.1260934974002119,0.5033799440600591,0.5239115817244212,0.182114761344531,0.7489271147750849,0.4125760765390496,0.012355496848225
Aristaeella hokkaidonensis,0.0031452893138697,0.0034068597617447,0.0046270938944958,0.0037724274061387,0.0037305461583345,0.0035109376239799,0.0072561455665728,0.0116138680904559,0.0057934701622241,0.004694464946026,0.0036695074383006,0.0033100690273238,0.0110845983313871,0.0115557810253256,0.018346366448165,0.0179810108155559,0.0642407739063318,0.0573219147990027,0.033643210234037,0.0443458497256327,0.0051668441365304
Aminipila luticellarii,0.0016605564700554,0.002116883735453,0.0031205982079157,0.0019772722956313,0.0017855605544165,0.0049855314260515,0.0201876335584293,0.0268952734726348,0.0101824627093637,0.0130574521677546,0.0054345869655844,0.0023868524958933,0.0373717373768142,0.0365933065801977,0.0268504468959027,0.0134305338769754,0.0167994552176665,0.0121521123976919,0.0082618189383102,0.0089272332508229,0.0079936320518062
Akkermansia muciniphila,0.0075604159283702,0.0062514222812597,0.0080705126066787,0.0035642934802828,0.005834956811754,1.2662196540883817,0.9832595538818047,1.3787449913778915,0.0031951865743175,0.0028291146363468,0.0029727655196359,0.0064850331963895,0.0102384457870064,0.0126212076446818,0.0218861359746345,0.0130770987749497,0.0169708782300916,0.0141885927720303,0.0106455568614948,0.0186528369549715,0.0058407803282518
Eubacterium ventriosum,0.0909398866836264,0.0284456251951502,0.0482078619705609,0.0177434171792181,0.0260181680786411,0.0563505488648787,0.0904167567206161,0.1389136347037773,0.0894652240808922,0.0607793309237152,0.095476867587682,0.0859717248049142,0.1057690680475876,0.1145743395276963,0.1726285162969693,0.1745527610129273,0.1179390325485159,0.1608485646485702,0.2251007061552718,0.0865869046197706,0.20697329265754
Parabacteroides distasonis,1.7926000133625954,2.2715485533745774,1.227955394814857,2.056675388345385,1.2378398543492748,0.2274034299051836,0.2079663148990955,0.2430083042552714,0.2446951124881234,0.2395420689346424,0.2337336889813749,1.3057434201119342,0.3128508007423578,0.2532846897785019,0.3015710964867787,1.2164352623968466,1.5704062168269688,0.7699231211966225,2.349200811229356,1.2058297010501835,0.5775071549559021
Bacteroides heparinolyticus,0.1598627481701644,0.0069129484485888,0.0094155980411251,0.0096261940708368,0.0077480574057718,0.0073378596341181,0.0054939387861194,0.004437267340603,0.0073383955388173,0.0063421910529094,0.0033443612095904,0.0874803957221298,0.0056974271321633,0.0031962798580687,0.0033670978422514,0.0130770987749497,0.0179565605515364,0.0120519576251834,0.0157922637410978,0.0246043257888535,0.0062713506729627
Butyricimonas virosa,0.0033797208155246,0.0106174949856316,0.0253683112936601,0.0288785822125104,0.0090234578017836,0.0008426250297551,0.0004923813063031,0.0013357080259978,0.0008777985094279,0.0005596050929037,0.0003251462287101,0.0044809777988941,0.0009589728836314,0.0011473825131528,0.0007338546579266,0.541020782425793,0.4914269208698518,0.3180581725626669,0.6199343876136644,0.8731269594097575,0.0580521147368878
uncultured Bacteroides sp.,0.2708856001622266,0.014950491381637,0.0132894440923309,0.0136327721435634,0.0182701106728693,0.0373212669429072,0.0374468940846346,0.0222542540602694,0.0331456717159977,0.0344157132135819,0.0246646639207293,0.1700744990705911,0.0301512356647656,0.0124163179101902,0.0110509877899535,0.0578308185689501,0.0945397913524804,0.0569546806331384,0.0659591118517553,0.1196104097346035,0.0125614217956954
Butyrivibrio hungatei,0.0071110888835316,0.0068467958318559,0.0113256193580391,0.0046830133317584,0.0066001970493611,0.0075134065153171,0.008266822984774,0.008648143490359,0.0056530224007157,0.0054095158980697,0.0080357567952658,0.0105832138968857,0.0108025474832602,0.0141373916799196,0.021670296369362,0.0321625942843358,0.0115281975855925,0.015891223904674,0.0111060516875645,0.0091812602132447,0.0070576095633043
Bacteroides sp. HF-162,0.0578069011164018,0.1457342146625952,0.1993147596762756,0.178500858162193,0.1388592181157872,0.0077591721489957,0.0062972977595613,0.008648143490359,0.0093046641999358,0.009824178297644,0.0060384299617604,0.0336411097062707,0.0085743457830577,0.0052861551498829,0.0057413335002492,0.0385244261207979,0.0427700416000795,0.0265076297905696,0.059728887734341,0.07232510515809,0.2054943771257071
Prevotella communis,0.0395407799457916,0.0153804833904009,0.0188580977909392,0.0138409060694194,0.0178237205342652,0.0009830625347143,0.0010365922237961,0.001245151549659,0.0007373507479194,0.0009637643266676,0.0008825397636419,0.1122496197361177,0.0006487169506918,0.0016391178759327,0.0018993885263982,0.0047713738773465,0.0054855363976053,0.0033384924169483,0.0038193982632843,0.0055885931732794,0.0023026153217146
Hoylesella buccalis,0.0420218466716392,0.0291402276708457,0.0323358538440927,0.0248459873990517,0.0300675643359787,0.0015448125545511,0.0012698254741502,0.0011772341924048,0.001509813436216,0.0015233694195713,0.000905764494264,0.1434813594701187,0.0013538440710091,0.0013112943007461,0.0013382055526896,0.0049039120406061,0.0050998346196487,0.0043400401420328,0.0047403879154238,0.0077659671368947,0.0008798611391917
Coprobacter secundus,0.0169767479115083,0.0031422492948131,0.0034434187121829,0.0032781093322309,0.003347926039531,0.0077591721489957,0.006400956981941,0.0046183802932807,0.0051263432950589,0.0069328853176411,0.0048075192387862,0.0092546827906809,0.0048230695029699,0.0025406327076956,0.0025900752632703,0.0337972316312046,0.0503126541467869,0.0381255834015498,0.0612458118672767,0.0625269223218209,0.010352408722831
Bacteroides sp. A1C1,0.1227444270748067,0.3097596278518393,0.2706580911193155,0.2613121439121216,0.3583237412595216,0.0383394388538614,0.0287136045991523,0.033347422411777,0.0339532463446714,0.0353483883684216,0.0408987506256161,0.0461383090951464,0.0392050678896391,0.045280631322641,0.0442039511598141,0.1303291938719654,0.2262783764012224,0.1445233367296929,0.2669244715347832,0.3107112646079112,0.0575466625930967
Blautia wexlerae,2.8810459395877834,5.32998248278709,7.434771426941953,3.873008125808633,3.792721927640159,1.6015844159309498,2.826553761041651,2.6313674503348667,2.490489930948858,2.228689460832929,2.9473112148740466,5.085391899788223,1.8976099011129728,1.4791399712416768,3.35056452848759,1.6433406862561015,2.4409351296750805,2.2452696900944256,2.364965987039509,1.9261050082141435,2.368960595699688
Blautia producta,0.0399119631567452,0.0413123091497007,0.0556327335687053,0.0236492173253801,0.0265283282370459,0.0131309067136851,0.0201617187528344,0.0202846506998996,0.0187146642210029,0.0225085604034628,0.0168147049704407,0.0503040422247717,0.0187845864852515,0.0363884168457061,0.0420023871860343,0.0367572506106695,0.0211707420345083,0.0225348238144011,0.0210744102754273,0.0258381710349022,0.037478340439616
Streptococcus phage CHPC1046,0.0,0.0,0.0,0.0,0.0,0.0079347190301947,0.0,0.0190621382693253,0.0,0.0,0.0,0.0,0.0,0.0,0.0,0.0140048659177671,0.0290133448529597,0.0,0.0,0.0256930127706611,0.0
Anaerobutyricum hallii,0.1081315301383184,0.7499391395926057,0.9747834143433456,0.6497680997814854,0.4837593702072844,0.3173536518315508,0.59764724662965,0.8608298640769929,0.372607911281958,0.5296973096052484,0.4923642891897007,0.1769873643181314,0.8172423324476936,2.3875800760304826,2.344492960391274,2.6194400792754933,0.831530177521386,0.7869160475988894,0.7905612646379793,0.4891470609261895,1.2005798846520763
Bacteroides helcogenes,0.313083270460107,0.0137597442804447,0.0131011321315084,0.0138148893286874,0.0146352195442356,0.0169578287238233,0.0186845748339249,0.0111837248278464,0.0182933209364775,0.0204566750628156,0.017464997427861,0.1184869606923673,0.0185025356371246,0.0090151483176299,0.01092148402679,0.0204992359174888,0.0378844857459622,0.0245045343404007,0.0424738757221981,0.047793358501357,0.0122431741496048
Blautia hansenii,0.0841023012186921,0.0419076827002968,0.0667969426746109,0.0289566324347064,0.0312791947121899,0.0230668601895485,0.0321602737432744,0.0339586786270642,0.0242272388602102,0.0253998533834656,0.0347209722801227,0.1754111409717867,0.0414332695898416,0.0599507363122388,0.0723062677662975,0.0876519053023659,0.0399415618950642,0.0476402867898525,0.0391962360778192,0.0304106563584944,0.0366171997501943
Simiaoa sunii,0.270026017989492,0.1741136872410125,0.3767315284797629,0.3416258225517791,0.2409550198165336,0.9450039708704528,0.5958332102380067,1.2575125086792724,1.0586952262508105,0.9388929892052178,0.4625901845320971,0.1562938035282633,1.1326880009928189,0.7155978866853225,0.7663601024806446,10.593952106892912,2.525360963294476,3.541405986050444,2.1946912531174823,2.664742835804592,0.5763652075199297
Bacteroides faecium,0.1396625671109013,0.0481591049815566,0.0317978196703141,0.0889252198219466,0.0448622089297158,0.0232775164469873,0.023452899063387,0.0148059838813999,0.0162919403349819,0.0180317196602326,0.0148638275981796,0.0690836175226497,0.0201666356410733,0.0154896639275641,0.0093242709477732,0.0221338732643575,0.042255772562804,0.0304470508425687,0.0335348585102559,0.0583536222248915,0.0427762277245368
Lacrimispora xylanolytica,0.0120732223352268,0.0153474070820345,0.0186697858301167,0.0087416248859491,0.0096611579997895,0.0078996096539549,0.0118430661568706,0.0105045512553051,0.0061094776256182,0.0077412037851688,0.0115891405804556,0.0213916025575349,0.0111410085010125,0.0148749947240893,0.0192960607113641,0.0325602087741147,0.0171423012425168,0.0211660419234523,0.0149525378817942,0.0107054219877754,0.0137782510307479
Bacteroides sp. M10,0.07792893834178,0.0419407590086633,0.0697023272130152,0.0649898183485145,0.0931361139187633,0.1626266307427528,0.1187675540414398,0.045504629360266,0.0194169030285453,0.0211717260148593,0.021041605943673,0.040553974953811,0.0353691763551133,0.0404042556417412,0.0175261759481294,0.0225314877541364,0.0347560157692029,0.0551852796521557,0.0500855843178216,0.0522206855607082,0.0533158409450682
Intestinimonas butyriciproducens,0.0129718764249039,0.0126682261043517,0.0210371361947425,0.0189922207343537,0.0205658313856906,0.0358115637645958,0.0640873142361948,0.1304918824042654,0.0626397016327754,0.0577947704282284,0.0320269035279527,0.0080162215899815,0.1114382900949383,0.1663294864602716,0.2191635351937268,0.1684560055029845,0.1203818104755745,0.1133418175553956,0.0956203962368362,0.0748290852162477,0.1354424540862249
Faecalibacterium sp. IP-3-29,0.0377043998494949,0.3655593600660468,0.5372002208092249,0.4243590580795119,0.4275460977530633,0.0970072065505669,0.0806727898169326,0.0729206025718492,0.0576538060992249,0.0359390826331533,0.0654705156238569,0.0577573269053444,0.0682563052467098,0.0933067850874694,0.1004517522938354,0.1068699389750117,0.2047219325887574,0.2168016975566241,0.2047305820844217,0.1474082173367595,1.284990392665178
Phocaeicola dorei,2.7754736200091976,0.697910106532174,1.0631555273864777,1.4312589578890431,0.8998587494061417,5.51842153861926,7.998475172838796,11.09334946446032,18.87695160942601,20.26687566880581,29.058295235098143,3.2409178573720525,25.31149695667135,26.491546044665142,29.49512957930703,1.5958920238091554,2.014906088045431,1.4833923356226488,2.0760190276462134,4.462273911467249,14.721274967463858
Pseudobutyrivibrio xylanivorans,0.0118387908335719,0.0159097043242642,0.0285427129189537,0.0079351059232573,0.0156236548511448,0.0098306253471439,0.0120762994072247,0.013243884664555,0.0093046641999358,0.0083629872217285,0.0128665007646742,0.0197027918293085,0.0156256169862302,0.0189318114670227,0.0301743768170996,0.0399381665289006,0.0166708879583476,0.025773161458841,0.0167945171860732,0.0136448768386562,0.0130107125901764
Mediterraneibacter gnavus,0.7700684110193746,0.4263866911519552,0.3278242220832899,0.2041793812646685,0.2454508062124753,0.1173355353934111,0.1522494828700543,0.2409707835376476,0.1194157092225724,0.1334658146575496,0.1897692739136341,0.8281477461694957,0.2375714293772881,0.3547051083518383,0.5969260123417086,0.8121938644549875,0.269348408273046,0.3169564700650739,0.2495611077988591,0.1691093778407925,0.2052135703791565
Lachnoanaerobaculum gingivalis,0.00802927893168,0.0128005313378175,0.0262291659717058,0.0097562777744967,0.0175367554451625,0.0084262502975519,0.0099512853484427,0.0128590196401149,0.0071979477773088,0.0077722929569968,0.0145619061000916,0.0146138421682528,0.0110563932465744,0.0180302966352598,0.025943920553758,0.0307930332639864,0.0142281100312889,0.0175604701131481,0.0152775930531375,0.0104513950253537,0.0061777484241125
Blautia luti,0.3256448917571149,0.3861659001783474,0.5655277200586672,0.3066072895265187,0.2849563334789415,0.1578868649503799,0.2695917226037745,0.2781442170747406,0.2150255228694601,0.1942140564094369,0.2640884119045324,0.5553935548227368,0.2026535343791778,0.2318532235506817,0.3390840198831444,0.3014359626401425,0.2743625313864821,0.2642416748014598,0.2526762198575663,0.2071045535058805,0.2232788044072431
Faecalibacterium sp. I2-3-92,0.0213918745260088,0.3888781574643966,0.5768533394167064,0.4629939180665191,0.4671153950393301,0.0832443310645654,0.0595263084514918,0.0526133127528648,0.0517901120562465,0.0401361208299316,0.0548800384601539,0.0191173374435233,0.0357922526273036,0.0495423378000661,0.0436427681861055,0.0557985667323025,0.1089393243961945,0.1030258759870253,0.0872502255747449,0.0720710781956682,0.2768192907495518
Anaerostipes hadrus,0.0684149265662857,3.8491230809125887,3.5332973209126357,1.4323776777405188,1.587140137807013,0.954939924346316,1.6219299377681855,1.2613158806855036,0.8543086213156162,0.8763104863154794,1.6069191117469528,0.0932673871508524,1.5112002391791193,2.2791524285375337,1.9553773200059568,0.506516680590537,0.935369667297932,0.6075388500362561,1.0321856086698715,0.5457587839801887,0.1919407714921995
Prevotella multiformis,0.0253967460126132,0.0249064601999396,0.0320399350485145,0.0255224226580835,0.0319168949101958,0.0006319687723163,0.000777444167847,0.001086677716066,0.0008075746286736,0.0005285159210757,0.0004877193430652,0.0887413743992055,0.0008743576291933,0.0017210737697293,0.0013382055526896,0.0018555342856347,0.0019713646428894,0.0010349326492539,0.0009480775830847,0.0017781887369525,0.0009360224885018
Segatella bryantii,0.0260609686006353,0.0190850299274438,0.0214675635337654,0.0169629149572583,0.0226702420391101,0.0075836252677967,0.006115894120397,0.0045504629360266,0.0065659328505207,0.0068707069739852,0.0043430246263431,0.0736546652270493,0.0049640949270334,0.001557161982136,0.0018130526842892,0.0031367365304778,0.0065140744721564,0.0045737346112192,0.0060406086007973,0.0071490445138704,0.0013291519336726
Lawsonibacter asaccharolyticus,0.0088302532290008,0.0271556491688585,0.0440649988324658,0.0641572826450908,0.0287283939201663,0.1212326761560288,0.1152690552861279,0.3037943389977164,0.1053709330717259,0.1269059994018443,0.1145908208897162,0.0064399982436368,0.1932612411365521,0.2850425986246981,0.3174137235137824,0.1784405471352096,0.2258069631170532,0.1308689027443743,0.1627442891192386,0.1831534399061116,0.3174239463007642
Dysosmobacter welbionis,0.0212551228167101,0.0988320093989637,0.099751535818549,0.1484515226167429,0.1015537565324413,0.087001034322224,0.1637815713597861,0.3049036558328671,0.1323720152217284,0.1820892793965218,0.1000056900590024,0.0167079674712536,0.2916123718784022,0.5586523500647657,0.7101554692676778,0.5148665848758935,0.3191896491356637,0.2194724914901828,0.237236099218757,0.1824276485849065,0.7990636779843017
Butyrivibrio proteoclasticus,0.0075018080529565,0.011080563302762,0.01858908070405,0.0060879173312859,0.0097249280195901,0.0070569846241997,0.0095625632645191,0.0113421986614394,0.0075841791214571,0.0070883311767811,0.0082215546402431,0.0120468498613486,0.0117897254517044,0.0157765095558523,0.0240876999484143,0.0326927469373743,0.0164994649459224,0.0208989625300965,0.0137606689202019,0.0106691324217152,0.0081246752001964
Bacteroides sp. BFG-257,0.0,0.2370579020623739,0.2313008913074123,0.2638097510223928,0.3047250396171248,0.0637937366277163,0.0644760363201183,0.0647252414631843,0.0889736569156126,0.0954748466837491,0.0385762775634006,0.0,0.0399101950099563,0.0,0.0,0.0,0.023913510233311,0.0349874005296184,0.0213994654467707,0.0318985285669649,0.0957738210235143
Alistipes megaguti,0.0911743181852813,0.0175965960509533,0.0117022432796841,0.0260427574727234,0.0178237205342652,0.0202230007141247,0.021327885004605,0.0406824969952229,0.029599365737909,0.0217624202795911,0.016861154431685,0.0578023618580971,0.0313076441420859,0.0562627210913902,0.0601329140289268,0.0440026702021958,0.0543410949387784,0.0237366810845025,0.040631896417919,0.0435474792723071,0.0496279123403707
Hungatella xylanolytica,0.0101586984050452,0.0177619775927856,0.0225974352987004,0.0083773905157012,0.0108409033661004,0.0087422346837101,0.0121799586296043,0.0125194328538443,0.0079001865848511,0.0087982356273204,0.0103814545881035,0.0198829316403193,0.0116487000276409,0.0152437962461741,0.0206342662640538,0.0387453230595639,0.0167994552176665,0.0209657323784354,0.0178509464929391,0.0127013481210895,0.014321144074079
Akkermansia massiliensis,0.0,0.0,0.0,0.0,0.0,0.0019661250694287,0.0016067179468839,0.0019243251222003,0.0,0.0,0.0,0.0,0.0,0.0,0.0031944261580334,0.3444225069240145,1.7642856438798344,1.632088787873527,0.964953364063688,1.677993245060173,0.0
Blautia pseudococcoides,0.0276043093198634,0.0242449340326105,0.0376354904558117,0.0207093256226651,0.0183657657025702,0.0258756102887324,0.0323675921880336,0.0309929540269672,0.0197329104919393,0.0184047897221685,0.0312372626867994,0.0384148146980575,0.0354537916095513,0.0431088001370302,0.0545642522128955,0.1135852059134994,0.0386558893018754,0.0454034968704972,0.0384106860804061,0.0342573503608815,0.0440117774093593
Akkermansia sp. EB-AMDK43,0.0,0.0,0.0,0.0,0.0,0.0148161567731955,0.0140717394380322,0.0149191794768235,0.0,0.0,0.0,0.0,0.0,0.0,0.0,0.0,0.0473556071824528,0.0346535512879236,0.0191240792473672,0.0359992495317738,0.0
Lacrimispora saccharolytica,0.0123662617122955,0.0177950539011521,0.0200148712645632,0.011993717477448,0.0123713838413146,0.0086720159312305,0.0131906360478055,0.0124288763775055,0.0077948507637198,0.0090469490019443,0.0114033427354784,0.0249043288722459,0.0134538254556531,0.0165550905469203,0.0230948377641606,0.0324276706108551,0.017613714526686,0.022801903207757,0.0165236378766204,0.0125199002907882,0.0170168888409645
Bacteroides zhangwenhongii,0.0677702399367347,0.0157443227824319,0.0112987176493502,0.017873500882878,0.0171222503164587,0.0466954703989338,0.0330932067446909,0.0242238574206391,0.0230334328873882,0.0168192419589411,0.0134006695689838,0.0378293603122723,0.01782561360162,0.0156535757151573,0.0092379351056642,0.0383918879575383,0.1071822385188366,0.0984187564516366,0.1077016134384308,0.160799067212994,0.0275003407121858
Butyricimonas faecalis,0.0318240763496514,0.0284456251951502,0.0198803627211185,0.0233630331773282,0.0337981104943133,0.0051961876834903,0.0051829611189805,0.0055013059375844,0.0056179104603386,0.0052229808671018,0.0042965751650988,0.1026121398470387,0.0069948610335471,0.0054500669374762,0.0061730127107943,0.0582284330587289,0.0629551013131431,0.0394275954441597,0.0757920307848917,0.0976189327020884,0.05421442253403
Veillonella rogosae,0.0021489554318365,0.0010584418677265,0.0005649358824675,0.0,0.0007971252475073,0.0003862031386377,0.0011661662517706,0.0009734821206425,0.0014395895554617,0.0006217834365597,0.0005573935349317,0.2382123825854341,0.0006487169506918,0.0013932501945428,0.0012950376316351,0.0014137404081026,0.0013713840994013,0.0021700200710164,0.0012189568925375,0.0016330304727115,0.0007862588903415
Acutalibacter muris,0.0093186521907819,0.0061852696645268,0.0066447220461654,0.0042667454800465,0.0055161067127511,0.0105328128719399,0.0198507410856955,0.0257406783993146,0.0134478731644355,0.0143942865563581,0.0098008363225497,0.004728670039034,0.0321537966864666,0.0368391742615876,0.0532260466602058,0.0295118310191433,0.032870362632526,0.0313150588709752,0.0243520499198061,0.0226083996555394,0.0248420368448404
Haemophilus parainfluenzae,0.006896193340348,0.0015545864932233,0.0033358118774272,0.0043187789615105,0.0119249937027105,0.0009830625347143,0.0065564458155104,0.0033053113863675,0.0066010447908978,0.0011192101858075,0.0011147870698634,1.6210331243336236,0.0018051254280121,0.0028684562828822,0.0049643109212681,0.0026507632651925,0.0025713451863775,0.0080791516490149,0.0020857706827865,0.0054071453429781,0.002471099369645
Desulfovibrio fairfieldensis,0.0039462636111906,0.0,0.0,0.0,0.0003507351089032,0.0,0.0006478701398725,0.0010187603588119,0.0003862313441482,0.0004041592337638,0.0003948204205766,0.0006079718621615,0.0007615372899426,0.0011473825131528,0.0010791980263626,0.0233267167336941,0.0594837853115334,0.0609942564576458,0.0359185964334404,0.0244591675246124,0.0008611406894217
Intestinibacillus sp. NTUH-41-i26,0.0220365611555597,0.0114774790031594,0.0131280338401973,0.0137368391064914,0.0129771990294203,0.0081804846638733,0.0150305872450436,0.0192658903410877,0.0125700746550076,0.009793089125816,0.0098008363225497,0.0091195779324228,0.0169794610572394,0.0254882829707536,0.032937123764588,0.0245195602030307,0.024213500505055,0.0217002007101641,0.0171466602883618,0.0144069577259216,0.0198249563064702
Anaerocolumna sp. AGMB13025,0.0056849639151311,0.007806008774483,0.0116215381536173,0.0047870802946864,0.00647265700976,0.0081102659113937,0.0099772001540376,0.0100064906354415,0.0067063806120292,0.0079588279879647,0.0097543868613053,0.0079711866372288,0.0097025491755653,0.0111869795032407,0.0180441910007834,0.0250938922438225,0.0150852250934148,0.0173267756439618,0.0118103378921418,0.0086732062884011,0.0093602248850189
Maliibacterium massiliense,0.0183442650044952,0.0066152616732907,0.009846025380148,0.0054895322944501,0.0106177082967984,0.0028438594754237,0.0060899793148021,0.0120440113530654,0.0067063806120292,0.0062178343655974,0.0022992483315934,0.0167304849476299,0.0102948559566318,0.0133588106888515,0.014763429000641,0.0124144079586516,0.0251991828264997,0.0213997363926387,0.015900615464879,0.0154956447077292,0.0075069003577852
Ligilactobacillus ruminis,0.7193530628280331,0.0100221214350354,0.0138005765574206,0.0063480847386059,0.0069828171681647,0.0036162657526993,0.0056753424252837,0.0071766007498529,0.0048103358316649,0.0054406050698977,0.0066190482273143,0.3371766912595038,0.0056128118777253,0.0084414570610534,0.0107919802636264,0.0103379767342508,0.0067712089907941,0.0065434451372187,0.0074220930790065,0.005116828814496,0.0060092643761821
Oscillibacter hominis,0.0221342409479159,0.0179935117513508,0.0277625633669748,0.0231288825107403,0.0247427676826293,0.0363382044081928,0.0617290669270586,0.1217984606757369,0.0560035449015004,0.0526650570766105,0.0339545561695916,0.0061472710507442,0.0933024205603786,0.1533394772935049,0.2105299509828256,0.2463000867241381,0.1190961378823858,0.0960818117597727,0.0945910548609156,0.0746113478198861,0.0543267452326502
Ruminococcus bicirculans (ex Wegman et al. 2014),0.0190475595094598,0.0106505712939981,0.0156298927482677,0.0065822354051938,0.0118612236829099,1.1265896647826976,1.936406103662332,2.03265330702064,2.462084371183771,4.633157099181298,0.3924747227838091,0.0127674091053919,0.1379228647340542,0.1473976749932488,0.2649646994325577,0.9439367987350558,4.452755603496858,4.67545847516362,5.583987348852731,3.366474174711761,0.0166050389460237
Prevotella intermedia,0.0471011958741618,0.03572241303577,0.0369898494472774,0.0320786413225454,0.0364764513259381,0.0063899064756435,0.0061936385371817,0.0037580937680617,0.0050210074739276,0.0064976369120493,0.0034837095933233,0.142603177891441,0.0061205034043537,0.0047534418402048,0.004273624184396,0.0060967555099427,0.0070283435094319,0.0065768300613881,0.0082076430764196,0.0092538393453652,0.0026021425180352
Anaerocolumna chitinilytica,0.0059584673337284,0.0074752456908185,0.0117022432796841,0.0048130970354184,0.0050697165741469,0.0075836252677967,0.0086037154575077,0.0094405126583238,0.0063903731486351,0.0064354585683933,0.0094292406325952,0.0083314662592504,0.0106897271440095,0.0120884943350037,0.0196845720008547,0.0229291022439152,0.0117853321042303,0.0150899857246064,0.0109435241018928,0.0101247889308114,0.0081246752001964
Parabacteroides chongii,0.0868568713631371,0.014288965214308,0.0168942730566474,0.0192784048824056,0.0161019299996492,0.0291407822790338,0.0280916492648747,0.0272348602589054,0.0240165672179475,0.0313689743744392,0.0400162108619742,0.0645350872946265,0.0532512001263587,0.0460182343668108,0.0591400518446731,0.0146675567340652,0.0186851083543433,0.0116847234593191,0.0161173189124412,0.0203947361258638,0.0063275120222728
Amedibacterium intestinale,0.0097289073186779,0.0117090131617246,0.0172439952696035,0.008871708589609,0.0108090183562002,0.0049504220498117,0.0067119346490798,0.0093273170629003,0.005161455235436,0.004880999976994,0.0059455310392718,0.0149290868375217,0.0083487051045562,0.0168009582283102,0.0224473189483431,0.0152860681626101,0.0105853710172541,0.0114176440659632,0.0100767103116439,0.0084917584580998,0.0256095752854119
Blautia obeum,0.8180682609832136,0.6213715289722,1.053094288336818,0.9740927897464904,0.4945365035535843,0.3806207478156702,0.7748008576764059,0.7245650063061266,0.3943422023753929,0.7839756459863569,1.105473952883989,1.6105174628658667,1.439615733924512,4.253101108576398,4.768242223838621,4.078596897988469,0.5216830825628941,0.5075843870728232,0.4542916898832808,0.4296321725873698,0.8352877482893253
[Clostridium] hylemonae,0.0135774911375124,0.0138920495139105,0.0214406618250764,0.0101725456262086,0.0116061436037075,0.0147108286444761,0.0224163068395909,0.0355660560820785,0.0173804104866725,0.0184358788939964,0.0193462006082556,0.0161225130854684,0.039120452635201,0.0572871697638481,0.0697593604240816,0.0592445589770527,0.0321846705828253,0.0365564919655841,0.0279547447355283,0.0228987161840214,0.0278560292578165
Prevotella sp. E15-22,0.0260023607252216,0.0120066999370227,0.0126438030837966,0.0101725456262086,0.013710554257127,0.0,0.0,0.0004075041435247,0.0003862313441482,0.0,0.0002786967674658,0.0877055704858933,0.0003384610177522,0.0,0.0006475188158175,0.0014137404081026,0.0018856531366768,0.0008680080284065,0.0012460448234828,0.0017418991708922,0.000992183837812
Massilistercora timonensis,0.0319022201835364,0.0212019136628968,0.024641965159059,0.0439162583556015,0.017154135326359,0.0474678766762093,0.0393127600874676,0.0516398306322223,0.029599365737909,0.0262392610228213,0.0265226423705018,0.0343166339975613,0.0444512136647994,0.0653598253028167,0.0834004234773055,0.0909211799961033,0.0520697400241449,0.0548848153346304,0.0467537688115522,0.043112004479584,0.0409790645466131
Faecalibacterium prausnitzii,0.2256793922597751,3.0277060389400763,4.935199164110108,3.096928749773329,2.599138467032494,1.5572061643638426,2.303333836080562,1.523635353520032,1.805982653296976,1.4769221968603667,1.8179622389104813,0.1807027479202295,0.9219114021875864,1.212496470774323,1.2086154536840583,1.3144251444334634,4.203549399183769,3.576760620745926,3.153441480994702,2.7829016628967853,1.7320908945229956
Dorea longicatena,1.6989837003684092,1.0548365501145762,0.9892296319093004,0.7998846938050758,0.6928931501433231,0.2773640722944188,0.4612057951724863,0.747294681867175,0.2902352991572432,0.3010986291540574,0.3854144046746738,1.3340478879170097,0.2308022090222425,0.4655914326586861,1.016043357859907,2.1694730150090638,0.5578961939377108,0.4883546707512008,0.5803589205026111,0.3282028354489545,0.2024242233634208
Jahgtovirus gastrointestinalis,0.0,0.0,0.0,0.0,0.0,0.0370755013092286,0.0016844623636686,0.0329625573873369,0.000912910449805,0.0603129933462954,0.1488472985573958,0.0,0.0021999966153898,0.0,0.0,0.0,0.0,0.0,0.0,0.0049353809841948,0.0
Anaerostipes caccae,0.0983049430272843,0.0107498002190974,0.0161679269220463,0.0131644708103876,0.0116380286136078,0.0069165471192405,0.0094329892365446,0.0091009258720532,0.0062850373275038,0.007305955379577,0.0087324987139305,0.0738348050380601,0.0094204983274384,0.0120884943350037,0.0167923212902028,0.0280097318355342,0.0183851180825993,0.0213663514684692,0.0167674292551279,0.0124473211586677,0.0746197127833714
Bifidobacterium pseudocatenulatum,0.4713831419525721,0.0027784099027821,0.0027977777036486,0.0012748202958675,0.0014348254455133,0.0014394844258317,0.0014771439189094,0.001946964241285,0.0013342537343304,0.0016788152787113,0.0010915623392413,0.5125427972785378,0.0013538440710091,0.0022947650263057,0.0021583960527252,0.0051689883671254,0.0064283629659438,0.0075783777864726,0.0043882448131352,0.0028305861526999,0.1308933847921056
Ruminococcus champanellensis,0.0103735939482289,0.0046637594796699,0.0064564100853429,0.0036683604432107,0.0050697165741469,0.040516220180729,0.0586711198668601,0.0875681126196562,0.0575835822184707,0.0898787957547114,0.0268245638685898,0.0066201380546476,0.0885075561422213,0.1146972733683913,0.2193793747989993,0.0568588720383795,0.0413129459944656,0.0523475610977497,0.0381127188400081,0.0305921041887957,0.0220714102788747
Alistipes sp. dk3624,0.009572619650908,0.0057883539641294,0.0034434187121829,0.0076229050344734,0.0054204516830502,0.0745723151333348,0.0809837674840714,0.095378608703881,0.1375685823975416,0.0979619804299881,0.0221563930135365,0.0063949632908841,0.0103230610414445,0.0206528852367521,0.022274647264125,0.0929534318327509,0.1372241214463473,0.0780205677840823,0.0752773600969314,0.1425454154846852,0.0155192528593614
Anaerostipes rhamnosivorans,0.0064468662955095,0.0085667638669115,0.0122671791621516,0.0052033481463982,0.0073016672671676,0.0062494689706843,0.0085518858463179,0.0086255043712743,0.005758358221847,0.0056893184445216,0.008058981525888,0.0102004167984877,0.0082358847653054,0.0115557810253256,0.0166628175270393,0.0257124036723674,0.0139709755126512,0.0166256922364026,0.0122708327182115,0.0104513950253537,0.0091730203873186
Klebsiella pneumoniae,0.0130890921757314,0.0063175748979926,0.0104378629713044,0.0086115411822891,0.0043682463563404,0.0139033129909607,0.0198248262801006,0.0139909755943504,0.0126402985357618,0.009637643266676,0.0078731836809107,0.0212564976992768,0.014920489865913,0.0176205171662766,0.0276274694748838,0.0384360673452915,0.0269562687038577,0.0324501462927377,0.0229705654415969,0.0238785344676483,0.0145457894713195
Bacteroides sp. PHL 2737,0.8406127570590255,0.0,0.0657746777444316,0.0620759433865315,0.0643758349886967,0.0,0.0,0.0,0.0,0.0,0.0,0.7045943532924491,0.0,0.0,0.0,0.0,0.0,0.0,0.0,0.0602406796600248,0.0
Prevotella sp. Rep29,0.0387398056484707,0.0226241949226543,0.0257987386326829,0.0205532251782732,0.0273573384944536,0.0005968593960765,0.0005701257230878,0.0009734821206425,0.0004915671652796,0.0007461401238716,0.0003948204205766,0.1360731097422987,0.0010153830532568,0.001680095822831,0.0015108772369077,0.0032250953059842,0.0034713160016096,0.0021032502226774,0.0023024741303487,0.0038104044363268,0.0009734633880419
Megamonas funiformis,0.0017777722208829,0.0005292209338632,0.000726346134601,0.0006504185182997,0.0003826201188035,0.0014745938020715,0.0015289735300992,0.0015620992168449,0.001228917913199,0.0005285159210757,0.0010218881473748,0.0027020971651623,0.0019461508520756,0.0020079193980175,0.0032807620001424,0.2383477969285606,1.4700380430520326,2.214388635237654,2.0970934379216404,0.802870359517102,0.0021341312737843
Bifidobacterium longum,0.8490132192016591,0.031422492948131,0.0503599986656752,0.0251321715471037,0.0285689688706648,0.032967704289172,0.0324194217992234,0.0511870482505281,0.0300909329031886,0.0280113438170165,0.0255472036843712,1.0068014037394772,0.0347204594044214,0.0617127880288665,0.0736876412400417,0.1899713673387971,0.2559345575507766,0.2464141252949558,0.2318185130297011,0.1119896008619497,0.0417653234369547
Lachnospira eligens,3.4883993525001924,0.1078949178913721,0.1310920264411514,0.0255224226580835,0.066352705602515,1.1083678985142411,0.7976577162111103,1.0476705138831002,0.6245360834877673,0.2298111581524824,0.8452640709933565,5.656862932743676,0.5393376317882588,0.6733086454862587,1.921317830293952,5.931038626480507,1.7045875798027692,3.982687913722673,1.4731771244590202,2.2696583301065862,2.502081714014428
Alistipes senegalensis,0.0667543700962302,0.0429330482596569,0.0257449352153051,0.0793770759733057,0.0382620118803546,0.0589837520828637,0.0636467625410814,0.1042757825041718,0.0826535076477317,0.0592248723323158,0.0312604874174215,0.0151542616012852,0.0616845204853531,0.0932248291936728,0.1012287748728165,0.090214309792052,0.1563806430848599,0.1133084326312261,0.1175887082334578,0.1567346358142453,0.0824823016867874
Alistipes ihumii,0.013870530514581,0.0107498002190974,0.0077476921024115,0.0157401281428548,0.0103945132274963,0.0062845783469241,0.0064787013987257,0.0133118020218091,0.0089886567365417,0.007212687864093,0.0060384299617604,0.0073181798223145,0.0119589559605805,0.0185220319980396,0.0220588076588525,0.025005533468316,0.0360845441154979,0.0102157867958618,0.0216703447562235,0.0287413363197226,0.0312069897666533
Alistipes onderdonkii,0.0783196575112048,0.0642672671560196,0.0415631399243954,0.1217843633664517,0.05825391308784,1.0983266169096586,2.0931906775114943,2.721878648435535,1.355496458258574,0.4439222845318312,0.1285488839936317,0.0240486647699445,3.362582006284093,0.3781854719245743,0.1696499297442084,1.2220902240292573,1.090893195320666,0.7454519717803914,1.8106656561062564,1.4900858720001684,0.1276734674316591
Enterococcus faecium,0.0264321518115889,0.026758733468461,0.0459481184406908,0.0206572921412011,0.0258587430291397,0.0253489696451354,0.0277547567921409,0.0290233506665975,0.01692395526177,0.0174721145673288,0.0182778629996365,0.0258275454036764,0.0325768729586569,0.0498291834283543,0.0676873002134653,0.0518666012222669,0.0319275360641876,0.0378251190840245,0.0312865602417977,0.019995550899201,0.0584452441820586
Bacteroides intestinalis,0.2203460755971263,0.0232195684732505,0.0083664314022569,0.0158181783650507,0.0300675643359787,0.3553068875467745,0.3604749458250989,0.1821090739174029,0.3542092545243491,0.3894540554891974,0.2266269214109952,0.0925468279068091,0.2667354870736096,0.0231525399975495,0.0070363711318844,0.0450629755082728,0.1369669869277096,0.1725666730320589,0.1420761978079904,0.1845687329824616,0.0044180261457289
Ruminococcus sp. SR1/5,0.3831392175379769,0.5027598871700969,0.646797782007922,0.5675812158091246,0.3061598650626381,0.1263235357107998,0.2312637251289132,0.3126688736789225,0.2900246275149805,0.4832811760660633,0.3744987812822606,1.0133765068413725,0.4285480586440123,0.7139177908624915,0.4928049867582402,0.5041751730396169,0.2393922368517478,0.1686272519800598,0.2093626182760644,0.3708430755697552,0.8704447529574567
Alistipes indistinctus,0.0339730317814879,0.0078721613912159,0.0058645724941865,0.0123839685884279,0.0076842873859712,0.0073729690103579,0.0060899793148021,0.0121345678294042,0.0082513059886223,0.007181598692265,0.0060616546923826,0.1152894790469253,0.0101256254477557,0.0185220319980396,0.018173694763947,0.0225314877541364,0.0239992217395235,0.0158578389805045,0.0241624344031892,0.0328057677184713,0.0129171103413262
Phocaeicola coprophilus,0.1237016890398975,0.0418415300835639,0.0215213669511432,0.0272655442871269,0.0493898803355578,0.0145703911395169,0.0085000562351281,0.0144437579760446,0.0089535447961646,0.007305955379577,0.0065029245742035,0.1067328380239113,0.010464086465508,0.0173336715379884,0.0167923212902028,0.0531478034671099,0.0791974317404278,0.0429663974061249,0.0624647687598143,0.0962036396257384,0.5404781053107669
Subdoligranulum variabile,0.1103781653625112,0.0928451975846356,0.1246087146471195,0.0969383759673999,0.0916375184534494,0.1277981295128714,0.1645590155276332,0.2054952839319078,0.1466625749552147,0.0583232863493042,0.1199557336634341,0.0780455731204381,0.3165456668528202,0.3758497289513702,0.4484283639142081,0.3320080989653629,0.2731197145463997,0.2184375588409288,0.1898051321335727,0.1675489265002016,0.3042073087631174
Ruminococcus bovis,0.0425102456334202,0.011742089470091,0.0220324994162329,0.0074147711086175,0.022447046969808,0.0360573293982744,0.0427853440371846,0.038101637419566,0.0351470523174934,0.024529356572282,0.0311211390336886,0.0269759366988704,0.0406153221302736,0.0710967378685812,0.0575860066867109,0.0352551514270605,0.0388701680674069,0.0649670624338144,0.0485415722539406,0.0264913832239868,0.0219590875802545
Ruminococcus gauvreauii,0.0142026418085921,0.013197447038215,0.0243998497808586,0.0098083112559607,0.0134235891680244,0.0098306253471439,0.0163004127191939,0.0177490693624122,0.0110251492784145,0.0114097260608713,0.0166753565867077,0.0220896443252019,0.0170640763116774,0.0233164517851427,0.0282318203696469,0.0365805330596567,0.022456414627697,0.023770066008672,0.0201805085542331,0.0151690386131869,0.0170543297405046
Sellimonas intestinalis,0.0160976297803025,0.0248403075832067,0.0317440162529363,0.0158181783650507,0.0195136260589808,0.0124287191888891,0.0200580595304548,0.0209638242724409,0.0136234328663211,0.0135859680888304,0.0175346716197275,0.0246341191557297,0.0228461186982789,0.0321267103682811,0.0408800212386171,0.0501436050998918,0.0581981127183447,0.0513793982968347,0.0371917291878686,0.0387572565523533,0.2845882774041176
Barnesiella viscericola,0.02944068941616,0.0324809348158575,0.011729144988373,0.0238573512512361,0.0446708988703141,0.0095497503372255,0.009588478070114,0.0166397525272614,0.0103580224112493,0.0083940763935565,0.0065958234966922,0.0248818113958696,0.0133410051164023,0.0224968928471764,0.0207637700272173,0.0811575353026442,0.1174676192643467,0.0801238180067597,0.1449746064191353,0.1309690439114636,0.0132166375376468
Campylobacter coli,0.0006251506710797,0.0,0.0006994444259121,0.0004683013331758,0.0006058151881056,0.0175897974961397,0.0274956087361919,0.0249709483504345,0.0128860821184016,0.0115340827481833,0.0267316649461012,0.0008106291495486,0.0116769051124536,0.0258570844928384,0.0157131232638401,0.0196598275501778,0.0197565021820006,0.0306473603875856,0.0259231499146323,0.0116852402714024,0.001029624737352
Methanobrevibacter smithii,0.0010940136743894,0.0,0.0,0.0,0.0,0.0,0.0004664665007082,0.0863003219509125,0.0028089552301693,0.0010881210139795,0.0,0.0006530068149142,0.0005641016962538,0.0019669414511192,0.025943920553758,0.1385907393818155,0.0723833669965274,0.1240583782137997,0.0671509808133476,0.0618011310006158,0.0
Clostridium perfringens,0.0218021296539048,0.0237157130987473,0.0266595933107287,0.018003584586538,0.0216499217223006,0.024014813348023,0.0386389751420001,0.0288875159520892,0.0175910821289352,0.0147673566182939,0.026104597219303,0.0351948155762391,0.0223948373412758,0.0319627985806878,0.0313830786066258,0.0487740440795423,0.0512983364682316,0.0619624192585609,0.0537966308573248,0.0364710138905572,0.0267702431711543
Marvinbryantia formatexigens,0.027252662067381,0.0334732240668511,0.0469972850795591,0.0252362385100316,0.0249978477618317,0.0208549694864411,0.0339224805237278,0.0369470423462458,0.0257019403560491,0.0303741208759436,0.0300295766944473,0.0407115972884455,0.0385563509389472,0.04798517581793,0.0583198613446375,0.0774464667313747,0.0524125860489952,0.0569546806331384,0.0441804153717507,0.0351282999463277,0.0434688843660282
Segatella hominis,0.0918971486487172,0.0577843107161946,0.0696485237956374,0.0536465193893662,0.07228331744397,0.0012288281683929,0.0011402514461757,0.0014036253832519,0.00182582089961,0.0011502993576355,0.0016721806047952,0.3303764133938453,0.0023692271242659,0.002581610654594,0.003841944973851,0.0030483777549713,0.004414142569948,0.0031047979477619,0.0030338482658712,0.0044999061914717,0.0019469267760839
Enterocloster bolteae,0.2799307489344111,0.1330329122498769,0.1235326462995623,0.1120541023326869,0.0914143233841474,0.0411481889530454,0.0662900727117615,0.0769730048880122,0.0468744404034502,0.0589761589576919,0.0697670907889557,0.1997975678873765,0.1305895426827548,0.1678866484424077,0.3106795278292795,0.1204330110152467,0.0733690493179721,0.0851315566321822,0.0729477980356374,0.0495715472383095,0.6518273405429529
Coprococcus eutactus,0.0416897353776281,0.0261964362262313,0.0468896782448034,0.0202410242894893,0.0230528621579137,0.234706180163062,0.2860735389621327,0.1540139271332785,0.0866211569103458,0.1379737445726078,0.0458223935175131,0.0620356474168514,0.0993101036254816,0.2399258790896503,0.5702050692089694,0.5201681114062785,0.1761800010199669,0.2908828442887075,0.1950601907369569,0.2683976305816528,0.0298029560339004
Bacteroides thetaiotaomicron,2.430976528327335,0.6934778812110692,0.6522319271630858,2.625661508154037,0.6421322143820526,0.7223051973814023,0.3944751707656115,0.5402825769565915,0.5776967550246943,0.3594219155033616,0.2536605078551845,1.1385061230647635,0.2428175751524484,0.1474796308870455,0.1446557034536495,0.3280761334553274,0.4878270376089232,0.4009195543513242,0.4625264208906458,0.5632503548212322,1.6132721998325643
Salmonella enterica,0.0112331761209635,0.004961446254968,0.0062142947071426,0.0035382767395508,0.0045595564157422,0.0130957973374453,0.0116616625177062,0.0108667771606605,0.006039253744864,0.0064976369120493,0.0112175448905012,0.0147714645028873,0.0094204983274384,0.0185630099449379,0.0559887936076942,0.0272145028559765,0.024513490776799,0.0111839495967768,0.0159277033958242,0.0128827959513908,0.0061590279743425
Roseburia intestinalis,2.866003251564928,0.4539392560212111,0.8920337584161995,0.2530128036186164,0.4380043810003603,1.335630890914466,2.3847840700653418,3.918537205015108,3.0598300441637987,4.443388794343263,7.9249051560063215,11.11550452094632,1.2153853096636262,0.9322482919367284,0.830550801088695,2.396555068060556,0.6730496025343178,0.9979087683500236,0.720051380387417,0.6289707589563556,1.6996670755212897
Butyrivibrio crossotus,0.0698996594101,0.0570566319321327,0.1072033091253824,0.0334575285813409,0.0580626030284382,0.0480647360722859,0.0631025516235885,0.0631631422463394,0.0465584329400561,0.0471933628348847,0.0635196382515958,0.077212426494513,0.0534768408048602,0.0670399211256478,0.0845227894247227,0.252396842234081,0.0969397135264327,0.1265622475265109,0.0975436393339511,0.0830668167119258,0.0318809259583747
Novisyntrophococcus fermenticellae,0.0210988351489401,0.0161412384828294,0.0264443796412172,0.0104327130335285,0.0132641641185229,0.0170631568525427,0.0263553572900162,0.0229560667518954,0.0168186194406387,0.0167881527871131,0.0216222242092269,0.0338888019464106,0.0233538102249073,0.0395027408099782,0.043340592738724,0.0466976128551415,0.028756210334322,0.0321496819752123,0.028415239561598,0.0191246013137548,0.0235128849111677
[Ruminococcus] torques,2.0888042157035507,2.813371560725456,2.011763579175495,2.2189157835500835,1.881438779186741,0.3085763077716008,0.5349075022843901,0.8517289382049397,0.3293851126777278,0.4540573545477551,0.9402299945073512,3.5650569298096486,1.058875294038009,2.520061778352744,2.2285007565178163,2.022355653790879,0.4665277283150961,0.4942304174050299,0.6284941737923726,0.4193985149583776,1.794018142362281
Enterocloster asparagiformis,0.0280341004062307,0.0410476986827691,0.0384694434251685,0.0640271989414308,0.0749616582755949,0.0359168918933152,0.0535140735534744,0.0823384761110883,0.0443814926366749,0.0396076049088558,0.0494919009558137,0.04253551287493,0.0564665797950054,0.075973113549481,0.0982933562411101,0.0827479932617597,0.0724262227496336,0.0719111266610669,0.0593496567011071,0.0464869341231878,0.1722655787838896
Ruminococcus sp. FMB-CY1,0.1506808476886812,0.0,0.1573480941215462,0.0,0.1607961049271905,0.0,0.0,0.0,0.0,0.0,0.0,0.0,0.0,0.1932110196255681,0.0,0.0,0.0,0.0971167444090267,0.1312952012917692,0.0,0.0521364526095558
Thomasclavelia spiroformis,0.0553649063074967,0.002844562519515,0.0056493588246751,0.0019512555548993,0.0029971909306277,0.028403485377998,0.049082641796746,0.0503946790825632,0.0234196642315365,0.0136170572606584,0.0410845484705934,0.0196352394001794,0.0309409780395209,0.1124844642358821,0.0593127235288912,0.0660923640788001,0.0524554418021015,0.077586563769879,0.0770380756083746,0.0347291147196649,0.2144614725655552
Bacteroides caecimuris,0.0853721385193228,0.0286440830453489,0.0320937384658924,0.0381665586538313,0.0355517860388295,0.0429036577650354,0.0322898477712489,0.0393694280883097,0.0321625373854385,0.0278248087860486,0.0231086069690449,0.0419950934418975,0.0409537831480259,0.0635977735861891,0.0578881821340925,0.0409101130594712,0.0573838534093251,0.0359889482547029,0.0450472291619996,0.0606761544527479,0.0785510072350794
Blautia coccoides,0.0460462541167148,0.030694814164069,0.0517050841001217,0.0236752340661121,0.0268471783360488,0.0073027502578783,0.0140717394380322,0.0133118020218091,0.0132723134625499,0.0133994330578625,0.0136793663364497,0.063229073664798,0.0113948542643267,0.0184810540511413,0.0224904868693976,0.0212061061215401,0.0140995427719701,0.0143221324687083,0.0113769309970173,0.0183262308604292,0.025647016184952
Clostridioides difficile,0.0680632793138033,0.1000227565001561,0.1523174745967164,0.0767493851593746,0.0919563685524524,0.0679015336477729,0.098165283593492,0.1386419652747608,0.0762631344990965,0.0576704137409165,0.0785692636947527,0.0905202550329374,0.0981254900633486,0.1727220461764092,0.2288763174309906,0.1659377804010516,0.1225674538839954,0.1646210610797218,0.1101666151544513,0.0895989386027718,0.1746056350051443
Vescimonas coprocola,0.0282294599909431,0.038203136163254,0.0616856180237143,0.1287828666233574,0.11759191651229,0.2451336649062825,0.3789522022142647,0.8940414517742616,0.3739772769566655,0.3177002469102026,0.1965276705246815,0.0178113238136949,0.7025040474296705,1.1211156491910748,1.7482576347864376,1.0287612232212164,0.6196941899169841,0.4619471957331396,0.5225532758653849,0.3966812466046575,1.6381329571271748
Adlercreutzia hattorii,0.0,0.0100551977434019,0.0211985464468761,0.0468301333175845,0.0073654372869682,0.0087773440599499,0.0178034714436982,0.0357245299156715,0.022050298556829,0.0089847706582883,0.008662824522064,0.0,0.0126922881657105,0.0338477841380104,0.0423908984755248,0.0345482812230091,0.0329132183856323,0.0196971052599951,0.017065396495526,0.0208665004846471,0.0686666097564993
Butyrivibrio fibrisolvens,0.0086935015197022,0.0132966759633144,0.0226512387160782,0.0061659675534819,0.0110640984354025,0.0116563129116135,0.0138385061876781,0.0138325017607574,0.0100069030074781,0.0088604139709763,0.0128665007646742,0.0125647518180047,0.0169794610572394,0.0222920031126848,0.0328076200014245,0.0469626891816607,0.0202707712192761,0.0254393122171462,0.0184739689046805,0.0133545603101741,0.0114007539099531
Pseudomonas aeruginosa,0.0654845327955995,0.0085998401752779,0.011729144988373,0.0050732644427383,0.009820583049291,0.0096199690897051,0.0092515855973803,0.0144211188569599,0.0129211940587787,0.0061245668501135,0.0079660826033994,0.0541770481615043,0.0120717762998313,0.0187678996794295,0.0274979657117203,0.0257565830601206,0.028756210334322,0.0207654228334185,0.0154401206388092,0.0141529307634998,0.1072120158330076
Blautia sp. SC05B48,0.2064169372071315,0.2562090846065507,0.41272601470555,0.3112122526360812,0.1913100594017734,0.1359786141767448,0.2344771610226811,0.3456087919471748,0.254561567734093,0.2169091518438677,0.2798115545357318,0.4478050526965241,0.2346381005567683,0.3093834990822989,0.2494242478529355,0.2516016132545232,0.2413207457415309,0.1813135231644635,0.215619930324424,0.2118221970937138,0.4256655868711239
Streptococcus thermophilus,0.006896193340348,0.1989539948242192,0.031071473535713,0.0020553225178273,0.0100756631284934,0.0994999722635927,0.0035762431720965,0.2132605017779632,0.0447677239808232,0.0056271401008657,0.0068280708029137,0.0130826537746608,0.0610075984498485,0.3999857396744794,0.0764072202664755,0.1438039071366941,0.2373351607026458,0.1140762858871242,0.0524693222410061,0.1329286804787174,0.0027144652166555
Anaerocolumna sp. AGMB13020,0.0051770289948788,0.0084675349418121,0.0129128201706859,0.0041886952578506,0.005834956811754,0.0064952346043629,0.0080595045400147,0.0085349478949354,0.0057934701622241,0.0053162483825858,0.0091737685957514,0.0073406972986909,0.0094769084970638,0.0118426266536138,0.0174830080270749,0.0278771936722746,0.0126853029194624,0.016926156553928,0.0122979206491568,0.009217549779305,0.0089858158896182
Anaerotruncus colihominis,0.0220951690309734,0.1320406229988833,0.2135457635727191,0.1524581006894696,0.1445028648681395,0.0924780970156328,0.1136105077280541,0.2094344906526473,0.1163609704097633,0.0923970186727783,0.082052973288076,0.0269759366988704,0.2421124480321312,0.3496648208833452,0.4052604428597021,0.6576543660942638,0.2199785806945974,0.2375671203900427,0.1815433131952625,0.1643917342529593,0.2897738419904181
Jahgtovirus intestinihominis,0.0,0.0,0.0,0.0,0.0,0.0698676587172017,0.0031356914769832,0.0613067344813932,0.0017555970188558,0.1113303243160226,0.280879892144351,0.0,0.0036666610256497,0.0,0.0,0.0,0.0,0.0,0.0,0.0091449706471844,0.0012168292350524
Campylobacter jejuni,0.0276629171952771,0.0098236635848367,0.0088237604499687,0.0064001182200698,0.0072697822572673,0.0162556411990273,0.0134238692981596,0.0119081766385571,0.0099015671863467,0.0081453630189326,0.0156070189780886,0.0486377489729216,0.008461525443807,0.0172517156441917,0.0157562911848946,0.0136956102034946,0.0088711408930024,0.020732037909249,0.0112414913422909,0.0115763715732216,0.0221088511784148
Faecalibacterium duncaniae,0.0645077348720375,1.0009552437856233,1.473110666097068,1.1644312649417394,1.1976647418749022,0.2271225548952652,0.1690422768955514,0.2261195214180782,0.1344436197039782,0.0968738594160085,0.1266212313519928,0.0925693453831855,0.182712539416606,0.2691021772812525,0.3314432978564968,0.2873869173346222,0.4113295183141918,0.3709065075229588,0.3131093937964845,0.2753652272652219,0.5334766570967727
Agathobacter rectalis,10.3484120977595,4.442975121323899,11.240179531243106,4.630433498739098,7.703227081852009,4.149120755890827,6.195970869685327,4.281736592491103,2.208646385541745,2.5086785423157827,5.94070029530245,6.893432665427455,1.7596870363789183,3.219965111376011,1.7199826464957362,2.194036754599848,2.841165007934743,3.787553031952044,4.882220321853378,3.017041943117557,0.293686415992356
Bacteroides uniformis,4.586124858999219,4.21193710738422,6.988794900296886,5.751494856880608,4.618639339087515,0.2614244154815496,0.2001141288038399,0.1406568468732999,0.184794142204763,0.201302387586218,0.1355859773721449,3.0858850325208653,0.1503048969668252,0.0487637568089981,0.0490819262389733,1.2531041542320098,0.9630544838045966,0.6665967808920719,1.3165547077334148,2.474839536611273,18.490281840115376
Flavonifractor plautii,0.9075038788645544,0.1138817297057002,0.1151662148973054,0.1039889127057696,0.1190586269677036,0.1134032852545535,0.1533119898994453,0.2493698967180748,0.1257358584904534,0.1646171648291929,0.0947336762077731,0.2173386819845552,0.2002843072549119,0.3290119356465931,0.4783869011260352,0.3670865328414106,0.1997935209815338,0.1546055838288768,0.160848133953069,0.121243440207315,0.7456729552401534
Bacteroides faecis,0.1728150886365972,0.1626031319294865,0.077745938111005,0.151339380837994,0.18662296294643,13.070659024057646,4.994223589832896,11.06586557389148,11.778159951742149,4.17219794848773,1.7612242220005552,0.0992345183905859,0.2757893192984831,0.0774073416909222,0.0715724131083709,1.6386134917665085,3.5086862183183487,3.032920206025044,3.565936493429416,3.600723323630713,0.1310993097395761
Bacteroides cellulosilyticus,0.2516036091511118,0.0364831681281984,0.0296456829751998,0.0291647663605623,0.0411635477812815,29.450517196221387,29.16986066645624,14.631006129994276,28.312442899206964,30.841981822783016,18.111620377843145,0.102949901992684,21.72914092952677,1.6654666957883275,0.0692413453714275,1.58135700523835,6.400249591906092,10.82572936043833,5.576971574737904,9.249339439173788,0.147367380589739
Romboutsia ilealis,0.0555211939752667,0.0094929005011722,0.0269824138149958,0.0078310389603294,0.0134554741779247,0.0246818914965792,0.0201617187528344,0.015892661597466,0.0014747014958388,0.0005596050929037,0.0004877193430652,0.0637019406687015,0.0006487169506918,0.0010244486724579,0.0019425564474527,0.0320300561210762,0.0485555682694289,0.0293453483449757,0.0623293291050878,0.0606398648866876,0.0026021425180352
Clostridium botulinum,0.0168986040776233,0.0049945225633345,0.0093617946237473,0.0042407287393145,0.0051334865939475,0.0079698284064345,0.011454344072947,0.0103687165407969,0.006671268671652,0.0068085286303292,0.0076873858359335,0.0243188744864608,0.0111692135858252,0.0156945536620556,0.0235265169747057,0.0171416024482449,0.0224135588745907,0.0334183090936527,0.0209931464825915,0.0167294899537779,0.0077689866545657
Streptococcus salivarius,0.0046104861992128,0.0159097043242642,0.0119443586578845,0.0082473068120412,0.0067277370889623,0.0066356721093221,0.0142013134660067,0.0310608713842213,0.0094451119614442,0.007305955379577,0.0130290738790293,0.1793516993376484,0.010097420362943,0.0459362784730141,0.0268072789748482,0.0540313912221741,0.0213850208000397,0.0691067930308303,0.0114040189279626,0.0267454101864086,0.0132727988869569
[Clostridium] scindens,0.1192279545499833,0.130849875897691,0.1831737344629181,0.114941960553938,0.1037857072254621,0.0695165649548037,0.1068467434677845,0.1385740479175066,0.0771058210681473,0.0863968085099768,0.1164487993394886,0.2005631620841725,0.1402638867735075,0.2268129360821886,0.2622882883271783,0.2257124920311429,0.1159248121525201,0.1289325771425442,0.1105187582567399,0.0850264532791796,0.1644965921293238
Escherichia coli,0.5649408470713448,0.0097575109681038,0.0186966875388057,0.0151677598467509,0.0486246400979507,0.0511543611813883,0.0106250702939101,0.0195601988891889,0.019346679147791,0.0208297451247515,0.0076409363746892,6.6916760770953365,0.0164435644457982,0.0197103924580908,0.025425905501104,0.0326043881618679,0.0704120023536379,0.0439345602070399,0.0436386567528451,0.0217737396361535,0.013815691930288
Ruminococcus sp. FMBCY1,0.1811374069453458,0.0,0.0,0.0,0.0,0.2386384303019195,0.2996528970938618,0.2269345297051277,0.185110149668157,0.0,0.227788157942103,0.0,0.2817405921939607,0.2969262032252103,0.3784531638848539,0.0,0.2553774327603947,0.1328719981945433,0.147954278823116,0.0,0.0
Vescimonas fastidiosa,0.0166055647005547,0.0243772392660764,0.0372050631167889,0.0278899460646947,0.0328096751874041,0.1056792224817975,0.1797450916062463,0.4648490321663395,0.1936423511797963,0.1692494514315631,0.0845380194646467,0.0097275497945843,0.4080429619851867,0.6090962026965948,0.9809046701215394,0.5825494069138091,0.3533028286082723,0.2833378514264043,0.2660305698135889,0.2151245476051971,0.0746945945824516
Faecalibacillus intestinalis,0.3396131020640521,0.0109151817609297,0.016679059387136,0.0092359429598569,0.0096930430096898,0.2828411349878276,0.4614390284228405,0.9402252547070692,0.3458175007742182,0.3227677819181646,0.559065715536532,0.3007434144825653,0.4149532077642957,0.6488038332410646,1.0198421349127038,1.0276567385273865,0.5780812536507746,0.624465006590184,0.7496855768415527,0.4739780223130025,0.0233256804134673
Bacteroides fragilis,0.8296530843566593,3.531755902136465,3.583522811034866,7.746146335320926,2.822620501423666,0.9042419850560452,0.8402357418035358,0.7343903839888906,0.7800117554776382,1.0697784026010444,0.7488349894501661,0.4814011274500421,0.896639646195416,0.2362378638688017,0.0954442734515127,0.6042414863006346,0.7849031181417403,0.8931802612303548,0.7746877371040456,0.9436375862648348,1.7231799604324571
Pusillibacter faecalis,0.0718923271741665,0.0199119376366051,0.024265341237414,0.0231548992514723,0.0225427019995089,0.0463443766365358,0.1051622811041158,0.1233831990116666,0.0604978732697713,0.0647898340895256,0.0428728527284994,0.0073632147750672,0.0917229358108679,0.1374400338969577,0.1741825614549316,0.1868346308083193,0.1179818883016222,0.0874685013240461,0.0949973738250948,0.0797644662004425,0.2297186391281362
Eggerthella lenta,0.1355404798734695,0.0523597961440962,0.0355102554693863,0.1372122906205226,0.0548422170285083,0.0043184532774953,0.0078003564840657,0.0246766398023333,0.0080055224059825,0.0137103247761424,0.0112175448905012,0.0610223609799155,0.0244538085326022,0.0543367575871693,0.0451536454230132,0.0115308202035874,0.0160280516617532,0.0082460762698623,0.0084243465239818,0.0090361019490037,0.1644217103302437
Alistipes shahii,0.5523010819404521,0.3703223484708161,0.2114205285862936,0.7202214336837182,0.3352071090818074,0.3809016228255886,0.4151033560191541,0.607181173851908,0.3999952247761087,0.8896477410296859,0.0938511364441311,0.0730466933648878,0.0831767951126229,0.0991256535470306,0.1065815970835752,0.4179370081453537,0.3919158621570415,0.3419617782680168,0.5242056396530469,0.4843205486401755,0.1142134640470018
Aristaeella lactis,0.0043369827806154,0.0037706991537757,0.0051382263595854,0.0026537075546631,0.0037943161781351,0.0036864845051789,0.0078521860952555,0.0122704025439125,0.0065308209101436,0.0051918916952738,0.0037856310914113,0.0028597194997967,0.0122128017238947,0.0129900091667667,0.018691709816601,0.0179810108155559,0.0612408711888914,0.0543172716237492,0.0322617257558277,0.0399548122323417,0.0063087915725028
Flintibacter sp. KGMB00164,0.0084199981011048,0.0262625888429642,0.0355102554693863,0.023987434954896,0.0255398929301367,0.0182568756446959,0.0343371174132463,0.0514587176795446,0.0270010821500024,0.0264879743974452,0.0193462006082556,0.0060121661924861,0.0500076153728994,0.0683102374794956,0.0928541981882423,0.0644577267319314,0.0510412019495939,0.0404291431692442,0.0400630498680682,0.0325154511899893,0.5137827439386928
Coprococcus comes,0.0966248505987575,0.1990532237493186,0.302348303954874,0.1675478103140246,0.1591699694222755,0.3778119977164861,0.835648821213238,1.0435275550905982,0.2892521648266839,0.5113546982267357,0.6061886939688859,0.1600317046067379,0.2830380260953444,1.85539947966203,1.2583448987388492,0.9599739164894704,1.1889471584278624,0.997040760321617,0.6893065787645248,0.9039005114288544,0.0880797161680287
Bacteroides salyersiae,0.26354007977704,0.6241499388749822,0.767801667690725,1.1498879068725565,0.846164392734044,0.1157907228388599,0.1035814779628267,0.0819309719675635,0.119591268924458,0.1145014198424773,0.083237434549806,0.1461384216825283,0.0967434409075268,0.0502799408442358,0.0499452846600634,0.0585376887730014,0.1030252304675262,0.0843970883004536,0.0994668824310659,0.1296263299672341,0.0730471950026882
Catenibacterium sp. co_0103,0.0098656590279766,0.005325285646999,0.0069137391330547,0.0042927622207785,0.0037624311682348,0.0043184532774953,0.0060640645092072,0.0074935484170388,0.0035111940377116,0.0034198089010786,0.0050397665450077,0.0123170595778648,0.0044281983155923,0.0059008243533577,0.0084609125266831,0.0145791979585588,0.0305561519647862,0.0332179995486358,0.0371917291878686,0.0227898474858407,0.0115879584076535
Collinsella aerofaciens,0.0083027823502773,0.0058545065808623,0.008339529693568,0.0054114820722542,0.0052610266335487,0.1564473805245481,0.45488258260733,0.6826373577612447,0.2947296275255141,0.2910257374817895,0.4232939403194097,0.014118457687973,0.3161790007502553,1.1175915457578196,1.1603968858661753,1.779545738699244,0.4875270473371792,0.3742783848640766,0.5436818620027029,0.180939776376436,0.0105396132205313
Bifidobacterium adolescentis,0.0311207818446867,0.0025137994358504,0.0019907264429807,0.0014309207402595,0.0011159753465103,0.0013692656733521,0.0013993995021247,0.0033732287436217,0.0013693656747075,0.0009637643266676,0.0013702591067071,0.0362531369659276,0.0014666644102598,0.002581610654594,0.0056981655791947,0.0926883555062317,0.1988506944131954,0.2254817778406898,0.1476833995136633,0.0566117230539992,0.0045116283945791
Blautia liquoris,0.018656840340035,0.0118413183951904,0.0196113456342293,0.0093139931820529,0.011765568653209,0.0153427974167925,0.0224681364507807,0.0239748271107073,0.0128509701780245,0.0159798343195854,0.0227137865484682,0.0293627891947637,0.0218025305602093,0.037412865518164,0.0413548683702167,0.0411751893859904,0.0276419607535584,0.0276761021365016,0.0253272154338362,0.0160762777646933,0.0186830088704979
Butyricimonas faecihominis,0.0051574930364076,0.0085006112501786,0.0125899996664188,0.0161303792538346,0.0097568130294904,0.0020714531981481,0.0026951397818698,0.0024450248611486,0.0030898507531862,0.0029223821518308,0.0026243945603035,0.0035577612674637,0.0030179440749578,0.0032782357518654,0.0021152281316707,0.1004197483630432,0.0976682613292397,0.0610276413818153,0.1182388185761445,0.167186030839599,0.0060467052757222
